,label
35940,1
734,0
19550,1
22020,0
21733,1
22098,0
21549,1
4086,1
17466,0
18418,1
8499,1
857,1
32030,0
13867,0
28714,0
5893,1
35168,1
23566,1
216,1
25157,0
38014,0
26686,1
34607,0
32170,0
5715,1
3248,0
32114,0
27660,1
35760,1
9803,1
23230,1
36908,1
4817,0
2231,0
28606,0
25392,1
11754,1
32416,0
2182,1
21191,1
20825,1
20146,1
31771,1
4968,0
11791,0
16133,0
10347,0
31240,0
24381,0
27479,0
10065,1
33750,1
9621,1
5762,0
6705,1
32623,1
39344,1
37864,0
25424,1
28065,1
27653,1
11237,0
6204,0
21290,1
39710,0
17284,0
5199,0
26103,1
23139,1
24546,0
2743,1
6925,1
10026,1
11032,1
13664,1
5018,1
29736,1
5148,1
31458,1
27577,1
532,1
9237,0
12248,1
14813,1
31674,1
21499,1
15041,0
9242,1
37807,1
32948,0
35383,1
37184,1
17937,1
5809,0
11069,1
24717,1
29581,0
37222,1
26556,0
5857,1
33193,0
33708,0
11749,1
16337,0
1451,1
4048,1
23766,1
5401,1
14473,1
19918,0
27568,0
18397,0
31313,1
24436,1
38329,1
34866,0
1442,0
17896,1
11129,0
8037,0
27875,1
33583,1
18503,1
13791,1
13462,1
21287,0
13552,1
7625,1
19395,1
19024,1
34564,0
33700,0
8966,0
2813,1
4199,1
26653,1
2276,1
39098,1
27441,1
967,0
20626,1
38148,0
12538,1
29456,1
36626,1
5795,0
19015,0
14927,0
33131,0
34315,0
24001,0
10410,0
18180,1
12277,1
12050,1
25499,1
29944,0
14099,0
33363,0
21786,0
252,1
35717,0
22064,1
17847,0
19817,1
34402,1
23744,0
14441,1
10499,0
4741,1
10742,0
28406,1
21965,1
29591,1
7336,0
29837,0
14897,1
35032,0
4325,1
16735,1
29605,0
22118,0
21437,0
1487,1
18856,1
6648,1
39174,0
12272,1
29023,0
8475,0
18188,1
36463,1
16338,0
2644,0
38393,1
21886,1
31835,1
11189,0
9000,0
14061,0
5687,0
23836,0
20498,0
19237,0
18401,0
24693,0
4859,0
33716,0
32744,1
31159,0
9561,0
5961,1
25742,0
17008,0
22047,1
9842,0
23835,0
20628,0
3425,0
22790,0
9060,1
14869,1
27148,0
38784,0
32211,0
33606,0
5757,1
33830,0
3885,1
8439,0
21843,1
31749,1
20578,1
28368,1
37738,1
9025,0
3001,0
38980,1
38602,1
23571,1
39352,0
14742,0
4128,0
19789,1
35250,1
17498,1
37017,0
33114,0
24534,1
4785,1
11816,1
37100,1
6426,1
26659,0
34864,1
29722,1
11398,1
1402,0
13021,0
16797,1
14928,0
34303,1
9125,0
35296,1
15832,1
8194,1
12369,0
22783,0
19682,1
24359,0
32906,1
21717,0
20876,1
6024,1
36530,0
27329,1
9532,0
14736,0
18759,0
4750,1
21328,1
26377,1
18902,0
13455,1
23180,1
39013,0
17398,0
20233,0
16307,0
22309,1
35924,0
32773,0
36933,0
32290,0
21211,1
2624,1
20356,0
2649,1
17930,1
3886,1
7640,0
5215,0
30731,1
5030,0
21716,1
27004,0
27396,1
18335,0
20371,0
13154,1
32908,0
9936,0
16577,1
20958,0
20548,0
25959,0
17224,1
15922,0
11898,1
39906,1
740,1
6319,1
23990,1
16501,1
36902,1
12256,0
2814,0
20885,1
26198,1
9464,1
9282,1
18661,1
38129,1
16671,1
27289,1
35771,0
27351,0
17956,1
14065,0
40357,0
24088,0
36434,1
30395,1
16541,0
37173,0
39830,0
17588,1
29758,1
5377,1
36170,1
816,0
36418,1
10506,0
29481,1
39362,1
4146,1
2464,0
32585,0
6424,0
8239,0
22022,1
22137,0
34613,0
6036,0
26043,0
3829,1
25466,0
19640,0
19513,1
10354,1
25952,0
33111,0
29105,1
729,0
32017,1
32569,0
38655,1
12759,0
21911,1
9604,0
33240,0
8845,1
37402,0
18143,0
657,0
34513,0
5503,0
21511,0
26278,0
18250,0
17873,1
13152,1
16483,0
31183,0
12883,1
30180,1
36293,1
39972,0
28868,0
31207,0
32866,0
21285,1
32258,0
17324,1
26146,1
15118,0
8889,1
14454,1
36145,0
31594,0
33157,0
34365,0
4347,1
38578,0
39563,1
21973,0
25272,0
4903,1
37416,1
9128,0
36922,0
31060,1
40088,1
8042,1
22802,0
38331,0
18365,1
11968,0
40057,1
37782,0
40152,0
40025,1
11418,0
1900,0
29489,0
2875,1
32212,1
27820,0
3391,1
2865,1
25313,0
38414,0
3168,0
21023,1
5925,0
32364,1
30274,0
12591,1
28536,1
23182,0
14487,0
17717,1
17656,0
9366,1
35815,0
13501,1
12301,1
31415,1
31752,1
465,1
11499,0
38027,1
29746,1
10993,0
28965,0
19925,0
3944,1
20755,1
6631,1
21126,1
5567,1
32743,1
1631,0
31170,1
18606,0
8925,1
37629,0
10593,0
4548,1
6361,0
32042,0
2772,0
30919,0
13906,1
33819,0
22172,1
12687,0
39280,1
25504,1
32223,1
19645,0
18345,1
34730,0
2767,1
4884,0
30785,1
38816,1
33601,0
29266,1
23334,1
19632,1
32417,0
36613,0
38391,1
20555,1
30048,1
1045,1
14083,1
9267,1
11455,1
25899,0
19960,0
32044,1
22653,1
28009,0
25807,1
40367,1
5523,1
9172,0
38273,1
16684,0
40161,1
17936,0
19770,1
15662,0
36785,1
18494,0
22524,1
21616,0
38829,1
1993,0
29095,1
1864,1
39066,1
13561,0
19597,0
25262,1
15356,1
21202,1
27616,0
6703,0
1139,0
34383,1
17078,0
8504,0
14420,0
5195,0
36146,1
6914,1
33563,0
23730,1
14791,1
7680,0
38018,0
27310,0
13985,1
8225,1
21617,1
7094,0
16902,1
2608,0
210,0
32929,0
19471,0
13307,1
25798,1
31190,0
29847,0
7653,0
26210,1
3843,1
385,1
13325,0
13557,0
17554,1
3281,0
25200,0
39386,0
28478,1
20459,1
34750,0
10263,0
38351,0
23575,1
14540,0
25606,0
18531,0
21117,0
31804,1
24360,0
26803,1
26980,1
34759,1
30400,1
6482,1
28221,1
15491,0
26597,1
18434,1
35251,1
5373,0
24587,0
30560,1
30152,0
12152,1
7028,1
20006,1
33369,1
26621,1
15444,1
24163,0
3095,1
19898,0
22586,0
24529,1
18519,1
37887,0
9057,1
16084,1
25229,0
33412,1
9632,1
11405,1
482,1
19494,0
1670,1
23665,0
12868,0
28999,0
19931,0
15566,1
33738,0
30506,0
20780,1
36169,0
36398,1
314,0
31005,1
15011,1
7315,1
5987,1
24939,0
217,1
10533,1
30320,0
17721,0
25282,1
39264,0
38785,1
10880,0
37801,1
24328,0
16343,0
7438,1
12690,0
2111,1
13834,0
17054,0
36196,0
625,0
18634,1
13594,0
33013,0
21983,0
37040,1
22896,0
14884,0
25698,0
23020,1
21261,0
9291,0
17902,1
38184,1
22818,1
4419,1
16614,1
8410,1
15253,1
21464,1
26694,0
26846,1
7133,0
39505,1
25347,1
37788,1
18881,1
20322,0
25660,1
28190,0
8034,0
28519,1
29879,1
22306,1
11034,0
7516,1
17503,0
16587,0
19408,0
26770,1
4152,0
39449,1
31053,1
20442,0
1697,0
25335,0
25367,0
25371,0
32519,1
18603,1
6039,1
17537,1
24020,0
36978,1
9798,0
27537,1
1866,1
9826,1
34738,0
1808,0
20767,0
23713,1
22681,0
33728,1
39204,0
26930,1
10378,1
3419,1
20076,0
20867,1
27141,0
17176,1
8193,0
18191,0
35915,0
3416,1
15177,0
24320,1
23231,0
23876,0
11558,1
36175,1
28426,1
6161,0
22138,0
10125,0
37896,1
17457,0
4178,1
4771,0
33871,0
28262,1
23068,0
25042,0
29147,0
18924,1
26787,1
12799,0
28913,1
30494,0
15824,1
2935,0
6972,0
23137,0
14240,0
1033,0
16781,0
14983,1
5288,0
7524,0
23432,0
37742,1
13991,0
37337,0
39061,1
30056,0
7845,1
14057,1
24584,1
11684,0
36752,1
6237,0
24998,1
28870,1
37091,0
14354,1
15550,1
4550,1
20523,0
36947,1
24348,1
5775,0
40013,0
37581,0
23066,1
33235,0
34354,0
32128,0
36955,0
10202,0
26939,0
22377,1
33637,0
10562,0
36969,0
26319,1
17348,1
22619,0
8745,0
5292,0
35424,1
25577,0
38848,0
13754,0
37997,1
6600,0
7678,0
109,0
25309,0
4056,0
30135,1
21028,1
12005,0
17977,0
10854,1
6933,0
16316,1
23031,0
10311,1
36186,0
18308,1
36910,1
25438,0
18338,1
31178,0
2650,0
25258,0
37020,0
13471,0
20769,0
7090,1
21425,1
32612,0
29707,1
5667,1
21331,0
18985,1
26051,1
6433,1
29691,1
18444,1
36917,0
8368,0
28895,0
33431,1
7122,1
32534,1
13623,0
20458,0
27583,1
12430,1
17125,0
17315,1
27341,0
11215,0
26187,0
34062,1
38604,1
32081,0
25930,0
14942,1
2158,1
6742,0
32274,1
37577,0
6043,1
33592,1
39996,1
26558,0
686,1
38776,0
33951,1
27855,0
24374,0
23276,1
11198,1
39110,1
39494,0
17863,0
38888,0
31648,1
21161,0
35718,1
35140,0
33519,1
18973,0
13835,1
39175,0
25400,1
14993,1
24072,0
31352,1
21936,1
35476,1
40,0
34921,0
34798,0
28465,1
2325,1
18754,1
13529,0
24558,1
32132,1
682,1
33231,0
25753,1
37366,0
3935,0
9152,0
3792,1
10984,1
39771,0
20730,0
39894,1
28171,1
7419,0
37852,1
7964,0
29652,1
10090,1
3604,0
21669,1
8668,1
27113,0
11790,1
30623,0
1647,1
17447,0
36442,1
4559,0
8248,0
6620,0
37739,0
14794,1
40339,0
9027,0
13624,0
13657,0
11823,0
31125,0
34652,1
20398,1
11810,0
28848,1
13976,0
15057,1
37283,0
8857,1
1992,1
20275,1
27585,1
19690,1
5754,1
29747,0
34580,1
11212,1
30219,0
20310,0
10721,0
39909,1
24121,1
28053,1
15652,0
20326,1
17403,1
1291,0
8445,0
21502,1
15553,1
8508,0
13126,1
6556,1
37783,0
30221,1
38536,0
5211,0
33736,1
3220,1
22103,0
35326,1
36347,0
3931,1
19387,1
1640,0
12831,1
5787,0
23500,0
18638,0
34362,0
10955,0
3445,0
13958,1
28886,1
2322,0
5954,0
11376,0
1323,1
36998,0
27274,0
19779,1
27539,1
30928,1
14029,1
26004,0
18221,1
30985,1
12434,0
29363,1
13040,0
24477,0
3388,1
13035,1
36702,0
38828,0
31218,0
25656,0
23657,0
5525,1
34870,1
8829,1
37727,1
14660,1
1930,1
9723,1
14020,1
34334,1
20919,1
36226,0
6048,0
37478,1
16716,1
8474,0
18270,0
34616,0
40075,1
34860,0
11086,0
30706,1
32029,0
17244,1
22533,0
17859,1
40433,0
9391,1
37175,0
24551,0
24567,0
28367,1
37735,0
22720,0
28736,0
25281,0
3698,1
35072,0
18278,0
27768,1
37564,0
21245,1
14922,1
35928,1
953,0
23358,1
15331,1
13804,0
24247,1
24720,1
36354,1
608,0
28665,0
37815,0
5822,0
354,1
17736,0
2744,1
12571,0
29034,1
9905,0
18355,0
25489,0
31247,0
23362,0
19148,1
37244,0
31677,1
14206,1
32454,0
18999,0
23294,1
29868,1
36290,1
3942,1
19866,0
24825,1
9731,0
29998,1
1392,0
23982,1
37022,0
20479,1
27363,0
198,0
33894,0
26891,0
29308,1
14261,1
40312,0
30626,1
31618,0
7560,1
21531,1
27067,1
20984,0
17354,0
7427,1
34791,0
9312,1
14623,0
18884,1
39571,1
6233,0
39669,1
34091,0
6246,1
28569,1
31529,1
36927,0
21108,1
429,0
6650,0
4943,0
25836,1
5841,0
6670,1
26793,0
28487,1
6948,1
38712,1
21721,1
14945,0
20962,0
29468,1
12384,1
25531,0
9238,0
1557,0
12783,0
21898,1
14321,1
26245,0
40145,1
14672,1
37866,1
16846,0
36928,0
20185,1
35338,0
17759,0
14478,0
15452,1
27702,1
34833,1
6434,0
18153,0
16046,1
32552,1
262,0
1503,0
17031,1
14857,0
7563,1
26529,1
8909,1
39371,1
3350,1
1464,1
9747,1
6809,0
33084,1
33095,0
3619,1
37074,1
3102,1
20892,1
10277,1
29175,1
18264,0
24691,0
33501,1
7409,1
37121,1
24517,1
37298,0
39938,0
20781,1
24038,1
1911,1
8147,0
37197,0
34063,0
34906,0
6328,1
10697,0
20048,0
1736,0
23807,0
32504,0
14467,0
37273,1
16822,0
3855,0
13649,1
10428,0
20212,1
6821,1
6769,1
7289,0
21866,1
16834,1
30883,0
1681,1
11192,1
38557,1
36597,1
10882,1
34735,0
38856,1
624,1
20075,1
1278,1
9932,0
9473,0
32086,1
39313,1
30047,1
1673,1
21299,0
17511,1
31868,1
11910,1
12338,0
27380,0
23261,0
27749,0
39330,0
25295,0
33022,0
32918,0
4619,0
9062,1
18616,0
24156,0
30498,1
30327,1
3568,1
33833,0
36406,0
31701,1
37493,1
8648,0
9641,1
3000,0
11373,0
1484,0
13364,1
35766,1
35775,0
8135,0
1398,0
27029,0
6662,0
27249,0
29654,0
7149,0
17678,0
8116,1
26031,1
30848,0
1457,0
28845,0
7586,1
28005,1
21064,0
39525,0
32322,0
14470,0
25222,0
27444,0
39673,0
7800,1
24927,1
8931,0
3177,1
24605,1
13468,1
5991,1
12890,0
39661,0
36672,1
655,0
6814,0
17204,1
323,1
3243,1
12484,1
22642,0
33165,1
28031,1
22510,1
11960,1
40437,1
7817,0
20406,1
35391,0
304,0
19066,1
24413,1
35819,1
1682,1
31438,1
9645,1
16883,1
9134,1
39508,1
14943,1
39629,0
19635,0
2791,1
24167,0
16860,0
39857,0
7753,0
23056,1
6612,1
11976,1
27501,1
35419,1
35469,1
26969,0
36778,0
37608,1
31061,1
23597,0
4949,0
36376,0
9444,1
40428,0
13797,0
21704,0
6660,0
36209,0
3488,0
2299,0
4034,1
11466,1
33278,0
20177,1
9263,1
3581,0
25381,1
962,0
17150,1
7905,0
23819,0
23224,1
31588,1
1962,1
25252,1
39618,0
20563,1
38597,1
5847,1
7945,0
35269,0
8913,0
18920,1
28331,0
20399,0
11812,1
33151,1
30692,0
30689,0
26361,0
23627,0
5536,0
38999,0
12068,0
30619,1
22532,1
550,1
5134,1
39876,1
31542,0
12895,0
37340,1
8317,0
35516,1
2445,0
38758,1
22568,1
70,1
19334,0
10445,1
24586,0
2757,1
853,1
13172,0
15241,0
40365,1
15594,1
39064,1
36330,0
25723,1
35322,1
2494,1
36986,0
29291,1
40076,0
23014,1
9992,0
23427,1
17487,0
14695,0
4932,0
128,1
30367,0
3876,1
34960,1
15959,1
38666,0
28042,1
15908,1
22460,1
35573,1
27538,0
40136,0
28591,1
30322,0
6753,1
39338,1
16408,1
24712,1
32177,0
5226,1
29858,1
40059,1
17319,1
22089,1
26664,1
31202,1
31718,1
19448,0
32455,0
15205,0
19082,1
13497,0
30353,1
24803,0
23298,1
26344,0
24467,0
33476,0
22307,0
4032,1
25873,1
6134,1
20152,0
24755,0
29477,1
19824,0
21519,0
29397,0
29008,1
19698,0
39040,0
8844,0
38755,0
5646,0
11858,1
14829,0
7989,0
5053,0
4639,1
31769,0
17259,1
19964,1
28543,0
17626,1
15980,0
12989,0
37840,0
14279,1
36906,0
23084,0
1467,1
9648,0
6871,1
7780,1
9681,1
22879,1
31330,0
9556,1
19401,0
16247,0
16401,0
5920,1
33426,0
16398,0
32367,1
11070,1
14940,1
9667,0
4647,0
15483,1
15809,0
15789,0
37176,0
32771,1
19580,1
20636,1
32428,1
20846,0
34419,1
24505,0
3564,1
14176,0
29924,0
27254,1
34204,0
33714,0
34523,1
5225,1
22832,0
15944,1
15307,0
24633,1
13099,0
10424,0
6399,0
32727,0
1483,0
2531,1
3277,1
14649,1
13287,0
14981,0
20341,1
25349,0
32839,0
18742,1
7892,1
19139,0
18439,0
29532,0
14402,1
16341,1
7821,0
19321,0
19545,0
31091,1
21765,1
13059,1
13924,0
28623,1
31296,1
27700,0
13370,0
32785,1
25177,1
33646,1
32521,1
4508,0
37246,1
34592,1
25802,0
24719,1
943,0
36206,0
26578,0
12564,0
14788,0
39116,1
6887,1
13825,0
11879,1
2174,1
28424,0
1331,0
19132,1
29463,1
30305,0
33373,0
7732,0
15351,0
25478,0
15521,0
12431,1
31665,0
38701,0
3150,1
34254,1
35745,0
926,0
37661,1
16511,0
7743,0
11942,1
15129,0
29386,0
2362,0
38653,0
2585,0
21284,1
10059,1
35501,1
27482,1
10476,1
3548,0
30289,1
6549,0
15851,0
8780,0
24481,1
3154,1
34990,1
936,1
31220,1
30199,1
28098,0
1687,1
3108,1
14217,0
18925,1
14647,1
28509,0
11438,1
35970,0
31235,1
28910,1
17531,0
36257,1
29939,0
15555,1
36556,1
22910,1
30055,0
31775,1
14929,0
28808,0
14197,0
23972,1
18462,0
31426,0
4156,1
25681,0
39106,0
39656,1
29930,1
3105,1
35726,1
13787,1
18810,0
39596,0
34530,0
14492,1
27288,1
29753,0
1791,0
31856,1
12524,1
16810,1
29237,1
17624,0
18697,1
39490,1
12711,0
8256,1
18094,0
20386,1
17278,1
30244,0
27536,0
32537,1
4009,0
37712,0
1731,1
24176,0
11313,0
8564,1
2331,1
26300,1
38832,0
12957,1
17792,0
8786,0
9520,0
12119,1
4672,1
36312,0
18537,0
26005,1
12574,1
5654,0
39730,0
18491,1
311,1
29109,1
5946,0
23734,0
6346,1
1430,1
26238,0
34301,0
2915,1
20020,1
11238,0
29246,0
6390,0
27895,1
18949,1
8658,1
23948,1
26596,0
31459,1
15292,1
5034,1
9116,1
2541,0
29021,0
14005,1
14359,0
33229,1
30212,1
15109,0
38570,1
19672,1
3798,1
5683,0
15681,0
29811,1
28061,1
36499,1
39390,0
4850,1
29423,1
15800,0
12378,1
22461,1
6551,0
8238,1
14836,0
2992,1
9880,1
35329,0
10152,1
24084,1
18272,1
22950,0
11807,1
35719,1
27070,0
35856,1
8293,1
1895,1
2000,0
40422,0
37659,0
39307,0
22799,0
16019,1
12584,0
12212,0
38762,0
37318,0
6112,0
29433,0
31387,0
27225,1
18207,0
31859,0
5726,0
23103,1
14208,1
30117,1
11368,1
3933,0
4029,0
27872,0
1395,1
35891,1
27279,0
38840,1
18363,1
6496,0
21553,0
24332,1
37351,0
6119,1
12586,1
20520,0
31469,0
37453,0
18900,1
16690,0
35734,0
13267,1
27658,1
34160,0
13053,0
7142,1
40085,0
16334,1
39461,0
14295,1
1829,1
8471,0
15912,1
1072,0
38068,0
36215,0
33607,0
14300,1
19892,1
36963,1
5342,0
28819,0
7886,0
20656,0
27171,0
26795,0
9211,1
12426,0
38584,0
3899,1
14264,1
32240,1
32131,0
36392,0
21342,1
15610,1
469,0
24490,1
2351,1
4449,0
10887,0
36075,1
32309,0
11635,1
20658,1
26453,0
11098,1
1453,0
11958,1
5853,1
15375,0
22271,0
39218,0
22952,0
9303,0
25144,0
12423,1
144,1
32133,0
25444,1
22682,1
22529,1
28553,1
22935,0
34802,1
16328,0
1426,0
38877,0
23256,1
15030,1
10665,0
31974,1
30267,0
27836,1
39910,1
35785,1
6222,1
1077,1
7915,1
26002,0
11342,1
16696,1
15747,0
9169,1
2554,0
19193,1
3719,0
12949,0
2055,0
16629,1
16109,0
34286,1
29020,1
10241,0
22267,0
22632,1
38543,1
24358,1
1034,0
34193,0
25429,0
38181,0
10134,0
33258,1
8087,0
15315,0
896,0
15978,1
22635,1
879,0
33199,1
35050,0
29617,1
22894,1
40035,1
17236,0
11592,0
22038,1
23532,0
39201,0
18218,1
38923,0
9270,1
25061,0
23342,0
35004,0
39038,0
22408,1
17247,0
17999,1
27378,1
2645,0
5001,0
20854,1
9810,0
13842,1
5881,1
35166,0
12705,0
32012,0
1796,1
4506,0
470,0
30374,1
18487,1
36857,0
15570,1
30601,0
29558,0
2980,0
9010,1
38692,0
27797,0
27260,1
36297,0
23213,1
3049,0
26766,0
9100,0
25418,0
33696,1
34821,1
5676,0
20633,1
38471,0
29690,0
5045,0
8413,1
23339,1
13,0
34288,0
33950,1
26152,1
18892,1
26513,1
31886,1
28745,0
31723,0
1418,1
3214,1
2020,0
1319,1
23623,1
5201,0
39862,0
27947,1
33632,0
18245,0
34226,0
10091,1
14182,0
6193,0
40175,1
30375,0
7298,1
10353,0
32436,0
23372,1
40097,1
5936,0
6492,0
17914,0
2296,0
15056,0
8721,1
22341,0
28070,0
2741,1
1536,0
4165,1
21396,1
14398,0
5572,0
28448,0
28739,0
29735,1
7594,0
34649,1
14921,0
1043,1
1786,1
1784,0
16268,0
1213,0
33218,1
499,1
14285,0
38524,0
9410,1
32386,0
28023,0
2300,1
11917,1
2830,1
20082,0
29406,1
38640,1
29549,1
4500,0
36755,1
8295,0
21218,0
24295,1
35489,0
10496,0
38205,1
10859,1
36720,1
36014,1
12986,0
10565,1
30855,1
39095,0
37355,1
26409,1
40193,1
35540,0
24713,0
32453,1
7478,0
26259,1
36480,1
5321,0
631,1
18134,1
2635,0
9448,1
12701,1
24061,1
35723,0
16790,0
10299,0
15276,0
9378,0
20507,1
7573,1
37439,1
27550,1
37774,1
38901,1
22512,0
24171,1
4160,1
33200,0
6245,0
23598,1
24227,0
13041,1
25434,0
34934,0
30647,1
37668,0
30590,0
37127,1
22247,0
25999,1
16305,1
29310,1
3253,0
5395,1
27102,0
27080,1
1174,1
32571,0
25565,1
7745,0
16609,0
14303,1
10008,1
596,0
14513,0
19757,1
21048,0
8296,1
27668,1
21393,1
35271,1
1478,1
30381,1
1078,0
13581,1
5504,1
22552,1
17162,0
13534,0
471,1
18408,0
34272,1
31884,1
14132,1
10968,0
31141,0
30223,0
16317,1
16812,1
15125,0
24192,0
21987,0
24974,1
26702,1
20019,0
10484,0
31432,1
39052,0
4384,0
33670,0
25543,1
14169,1
34302,0
2269,1
34746,1
8339,1
20904,1
34477,1
18550,0
33368,1
32752,1
35955,1
12525,0
5501,0
23041,1
7779,1
32291,1
1566,0
428,1
14711,1
5411,0
27989,1
12350,1
96,1
27859,1
37676,1
33936,0
5923,0
36143,0
4962,0
18670,0
5011,1
8477,0
13694,1
5421,1
34805,0
19137,1
4556,1
4729,0
15079,0
1162,1
36031,1
37474,1
4351,1
31434,0
35716,1
33191,0
6698,1
2907,1
1413,1
28035,0
21232,1
28002,0
34646,0
23169,0
32824,0
13282,0
13108,1
40409,1
26203,1
18788,0
34231,0
28727,1
19470,0
447,1
3986,1
800,1
37274,1
28037,1
28121,1
9830,1
33901,0
37345,1
27395,1
9790,0
38096,0
20883,1
23114,0
2265,1
19243,1
15556,0
6206,1
38730,1
30331,0
34170,0
3230,1
9739,0
34711,0
39399,0
5071,0
32256,0
34499,0
1562,1
584,1
2885,0
29911,0
9588,0
32372,0
37245,0
4851,0
18131,0
33257,0
13247,0
3922,0
9129,0
36886,0
32139,0
36138,0
12044,0
29347,1
6521,1
8895,1
28012,1
39931,1
2761,1
86,0
724,1
24593,0
18451,0
14229,0
30333,1
15421,0
23496,1
11247,0
22395,0
6803,1
25109,0
38225,1
32109,0
14615,0
34995,0
32756,1
37882,0
7325,0
6315,1
12724,0
7665,0
8482,0
3460,1
10092,1
32621,0
1023,0
3161,1
19745,0
30104,0
11941,0
32941,1
7578,1
33859,0
5478,0
11359,1
35764,1
11306,0
1763,1
5306,0
29737,1
23203,1
1270,1
23133,0
30240,1
10869,1
36733,0
1232,1
5843,0
34145,1
28943,1
13459,1
24438,0
22862,1
5815,0
34373,1
24560,0
30170,0
6524,1
32631,0
21798,0
22046,1
26889,0
38137,0
8124,0
6757,0
1303,1
4047,0
11048,1
8305,0
3265,1
1599,1
2149,1
30469,1
16808,1
25246,0
14971,0
3104,1
37408,0
17984,0
21439,1
19052,1
40425,0
16178,0
14280,0
15931,1
2133,0
29824,1
31509,1
12505,0
6420,1
8960,1
27531,1
9469,0
26706,1
29748,1
14518,0
19998,1
10453,0
36067,0
39585,1
26976,0
7431,0
39212,1
39103,1
4738,1
38131,1
36726,1
22279,1
2116,1
11699,0
25944,1
15158,0
7656,0
29479,0
20770,0
16847,0
38644,0
263,0
34845,1
26836,0
273,1
14009,0
31149,1
6324,1
27942,1
32748,0
37571,1
1194,0
10595,1
7449,1
39573,0
5304,0
13630,1
22034,0
10312,1
6988,1
12627,1
30361,1
34295,0
36930,1
12292,1
9512,0
12650,1
3928,0
39641,1
40449,1
3356,0
31796,0
3441,0
15593,1
2982,0
28827,0
27072,1
21272,0
7579,0
28269,1
18490,0
12969,1
1157,0
39823,0
31936,1
25542,1
28520,1
27474,1
36494,0
34425,0
33388,0
12968,1
15243,0
8106,1
28567,0
12038,0
18186,1
31147,1
9647,0
19678,0
8713,0
343,1
18937,1
34723,1
12556,0
5576,0
13926,0
36821,0
30394,1
27235,0
2308,1
26150,1
21794,1
11963,0
10331,1
9793,1
29567,1
25273,0
1699,1
35666,0
27593,1
17876,1
16758,1
21082,1
20268,1
8543,1
8013,0
34027,1
8615,1
13573,1
505,1
12216,0
23534,1
30356,0
30792,0
24065,0
2528,1
5535,0
34319,1
30939,1
3438,1
36921,0
8019,1
34154,0
33091,0
39017,1
3502,0
322,0
17723,0
27400,0
4824,1
25541,1
33945,1
17860,1
3269,1
10333,1
13077,1
34222,1
35064,1
12732,0
30927,1
10915,0
621,0
9194,1
3115,0
29745,0
19850,1
18614,1
18701,1
21104,0
4157,0
14427,0
19826,1
28019,0
32461,0
20415,0
3836,0
18152,1
16079,0
28059,1
25228,0
17056,1
25331,0
509,1
35702,0
10421,0
12630,1
6926,0
17832,1
17751,1
10036,1
24645,1
7324,1
4203,0
18967,0
9381,0
33203,1
31540,0
40272,0
10153,1
15265,1
38323,0
23899,0
12599,1
35490,1
16621,1
23442,0
39288,0
36423,0
16530,0
37488,0
8403,0
15956,0
7117,1
38489,1
18859,1
21840,1
23850,0
31435,0
17704,1
22236,1
33805,0
748,1
5183,1
13574,0
377,0
35522,0
36773,1
16599,1
37717,0
7685,0
36018,1
40444,1
21855,0
9206,0
31208,0
29143,1
35990,1
25057,1
2868,0
21562,1
3461,0
6813,1
24457,1
3930,0
24213,0
20232,1
2240,1
12169,1
4811,1
14384,0
21382,1
13949,1
15423,0
27922,0
10079,1
180,1
32780,0
1616,1
30531,1
30202,1
9568,0
7201,0
6514,0
8270,0
35022,0
25512,1
40071,0
21422,1
34372,0
19304,0
3028,0
10370,1
33390,0
5326,1
5325,0
39652,0
18238,1
35587,1
38032,0
38030,0
34257,1
27439,1
2043,0
7462,1
32878,1
1243,1
12184,0
39176,1
4093,0
22871,1
32166,1
32548,1
12285,0
33513,0
20098,0
12654,0
37826,0
34134,1
14539,1
3018,1
30741,0
35117,1
1346,0
1179,0
38617,0
19318,1
24478,0
29593,0
11401,0
25885,1
2277,1
13889,0
21790,1
4580,0
6730,1
22125,0
26117,0
36360,0
31605,1
33244,1
32508,0
30481,1
18809,0
8939,1
19103,0
4400,0
5020,1
13583,0
39396,1
20285,0
28767,0
18053,1
37494,1
501,1
28119,1
28515,1
40012,0
19490,0
33549,0
26072,0
30068,1
4285,0
26712,1
25649,1
24198,0
27800,0
14156,1
18104,1
29533,1
34207,1
19535,0
316,1
19526,1
27756,0
6689,1
29108,1
31811,1
1332,1
28436,1
25962,1
22166,0
278,0
11487,1
2374,0
35725,1
5770,1
33311,1
39219,1
4201,1
30512,0
13544,1
4726,0
374,1
22204,1
2087,0
31824,1
33088,0
37415,1
30821,0
15368,1
19223,1
16837,1
32381,1
11711,1
29848,0
8354,0
36831,1
35925,0
17581,1
5886,1
32046,1
28585,1
19973,0
26716,1
22067,1
21752,1
8191,0
35592,1
8363,0
21916,0
33437,1
22639,0
13424,0
498,1
32832,0
38838,1
34224,0
3318,0
10709,1
20959,0
38250,1
25369,0
30001,1
16631,0
31323,1
23083,1
396,1
4810,1
15490,0
16111,1
27297,0
9761,0
30644,0
29025,1
3016,1
26978,1
37824,0
21489,0
25578,1
16825,1
20510,0
16765,0
16181,1
39770,0
20297,0
16425,0
17252,0
38499,1
27574,1
39026,1
19210,1
3979,0
20038,1
19078,0
24414,0
14243,0
35646,1
8639,1
26628,1
27851,0
20318,1
9925,1
33852,0
11836,0
23731,0
10798,0
24595,1
26056,0
13927,1
36154,1
25946,0
36348,0
12140,1
35897,1
30666,0
475,1
4990,0
9666,0
34630,1
35381,1
18486,0
928,0
11097,1
20905,0
8561,0
40219,0
6748,1
3193,1
28800,1
19227,0
18559,0
21483,1
7949,0
34755,0
34997,0
6366,0
36535,0
10919,0
457,0
29898,1
3519,0
11849,0
34203,1
13757,0
1638,0
8171,1
37224,0
15811,1
7721,0
4563,0
1219,0
38392,1
34979,0
12662,1
27822,1
22882,0
21963,0
26848,0
39220,1
37146,0
38444,0
19271,0
30088,0
24549,0
30580,0
26645,0
2290,1
29869,1
11841,1
32127,0
34720,1
6839,0
23454,1
10850,1
29976,0
4,0
7836,1
18683,0
25916,1
1668,1
32165,1
7981,0
4819,1
36048,0
7581,1
31695,0
32860,0
35126,0
4630,1
20294,0
11347,1
12570,0
39336,1
20163,1
32647,0
7049,0
4289,1
1000,0
2505,0
17951,1
26464,1
38477,1
31168,1
772,0
23159,0
21571,1
39556,1
35486,1
25550,0
35467,1
20066,1
20197,1
20363,1
23287,1
15191,0
277,1
38509,1
19501,0
12157,0
30304,1
16463,1
11149,0
2279,1
1912,1
40430,0
12887,1
3929,0
4265,0
15694,1
5286,1
23728,1
3431,1
20580,1
14828,1
12364,0
37363,1
15516,0
12760,0
29131,1
3074,1
8372,1
1146,1
22776,1
10157,1
20685,0
40073,1
5869,1
14486,0
15278,1
25072,1
35900,0
9736,1
261,0
2145,0
28107,1
14880,0
25082,0
36638,0
38679,0
37845,1
9779,1
2507,0
21461,1
5219,0
28540,0
25969,0
5640,1
17132,1
22390,0
5533,0
1427,0
13648,0
35120,0
5233,1
14145,1
16931,1
2730,1
33051,0
26436,0
7515,1
37842,0
34970,1
31947,0
34173,1
39579,1
2622,0
39602,0
1801,1
17926,1
20444,1
28169,1
19025,0
23311,0
34151,0
35132,0
15297,0
1285,1
26540,1
28125,1
1901,1
16912,0
516,0
1416,1
33803,0
985,0
8919,0
22881,0
23694,1
18406,0
32554,1
566,0
17786,0
15269,1
32179,0
6379,0
9207,1
32630,0
33427,1
8690,0
19383,0
21441,1
22679,0
6663,0
34189,1
34978,1
33020,1
30956,1
36893,1
22816,1
35963,1
21465,1
8421,1
19221,1
2496,0
23815,0
29280,1
13701,0
17561,0
21961,0
23272,0
18513,1
8570,1
19110,0
34093,0
22875,0
27038,0
4530,1
26703,1
18442,1
1052,1
21878,1
16104,0
36876,0
37210,1
26982,1
10797,1
36650,0
4775,1
9040,1
22709,1
1012,1
27136,1
39703,0
25261,1
25292,0
1109,1
14493,1
21239,0
38825,1
31293,0
1107,0
20723,1
1133,1
23413,0
36295,1
3375,1
10063,1
9392,1
8592,0
20467,0
22095,1
26601,1
17048,1
9285,1
39366,1
17595,1
3290,0
5864,1
39287,0
13984,0
27858,1
29088,1
37434,0
4800,0
25627,0
16699,1
24321,0
26758,0
2825,1
26403,1
38896,1
23254,0
1491,0
21766,0
19358,0
27955,0
24499,0
36173,0
7568,1
35246,0
16010,1
39930,0
25617,0
2856,1
12461,0
38132,0
9288,1
23250,0
29801,0
843,0
17222,0
17109,1
36237,0
18209,0
36577,0
37647,1
479,1
7337,1
4689,1
36997,0
36813,1
37854,0
38073,0
1090,0
29003,0
28792,0
1124,1
38034,1
3818,1
32805,1
14563,1
38969,0
28612,0
34266,1
32345,1
36286,0
21567,0
1048,1
40102,0
7815,1
17440,1
13792,1
12839,1
22470,0
27837,1
409,1
12246,1
33915,0
13151,1
10178,1
19626,0
9778,1
30493,1
7707,1
3434,1
33150,1
32314,1
842,1
5426,0
19663,0
31360,1
12313,0
31790,0
24508,1
11597,1
18336,0
25781,0
2150,1
31400,1
21913,0
17663,0
33963,1
16315,1
6293,1
28648,1
14876,1
9975,0
573,0
15625,0
1465,0
884,0
33940,1
8982,0
4291,1
27290,1
2029,0
2851,0
38294,1
2561,1
13008,0
24637,0
17483,1
39381,1
15273,0
20697,0
5360,0
36952,0
18650,0
34495,1
39881,1
20357,1
27809,1
29236,1
25688,0
19617,1
11636,1
37400,1
4095,1
13660,1
18523,1
20572,1
30179,1
23543,0
23995,1
17664,0
38459,0
37518,0
40378,1
16441,0
22643,0
39820,1
39688,0
32207,1
20228,1
25482,0
18695,1
36050,1
24748,1
35373,0
15914,1
18923,1
3615,0
9097,0
1108,1
28730,1
27879,1
33493,0
14453,1
28603,0
8480,0
30536,1
23058,1
39676,0
26733,0
26835,1
4520,0
22254,0
4237,0
33456,0
37377,0
22374,0
890,1
19060,0
15117,0
441,1
27510,0
16213,0
10017,0
37083,1
12915,0
11925,1
491,0
7497,1
10173,1
609,0
21920,0
15296,1
9103,1
9758,0
33642,1
25620,0
21603,1
14488,0
3142,1
19776,1
1339,0
18749,0
29359,0
38240,0
13970,1
10670,0
21899,0
1441,0
30412,0
12508,0
22941,1
31943,1
40094,0
5186,0
38252,0
36563,1
26135,1
23981,1
22599,1
8022,1
4564,0
9389,0
16468,1
37431,0
1131,1
15718,0
8153,0
15877,0
16734,1
30290,1
18407,0
14200,1
2863,0
22112,0
24852,1
15259,1
8277,1
21178,1
29925,1
39781,1
20419,1
2232,0
26814,0
24601,1
7070,0
14729,0
36054,0
16325,1
15341,0
38590,0
3219,0
24257,0
19185,1
33050,0
5610,1
29972,1
37386,1
13375,0
30646,1
14108,0
24050,0
31832,0
36783,1
24525,1
13819,1
5179,0
17598,1
31922,1
39957,0
2893,1
26082,1
34140,1
10781,1
26606,1
861,1
1656,0
16144,1
23825,1
23293,1
36382,1
6646,1
38419,1
23647,0
18917,0
28857,1
8801,1
268,1
13253,0
16067,0
23007,1
34186,0
8145,0
33101,1
30311,1
20575,1
26687,1
38017,0
14085,0
1553,0
26291,0
7811,1
12535,0
26635,0
14977,0
11980,0
38768,1
4280,1
9351,0
1423,0
21193,1
8090,1
52,1
25084,1
21597,0
1846,0
33382,1
274,1
35204,0
37256,0
8707,1
25305,1
22697,1
35047,0
23012,1
36513,0
35988,0
11583,1
32749,1
20647,1
8560,0
32997,1
37675,0
26761,1
17735,1
5549,1
23870,1
3640,1
23879,1
36424,0
20994,1
26524,0
19833,0
2081,1
19839,1
24543,0
12064,0
35877,0
2858,0
6334,0
23477,0
25196,1
6898,1
19530,0
6969,1
23678,1
7984,0
22021,0
10080,0
32432,1
25678,0
13756,0
34853,1
10210,1
3077,1
38232,0
13912,0
24096,1
14632,0
26169,1
9538,1
28294,0
31332,0
17963,1
19286,0
27904,0
8304,1
32168,0
34989,0
2348,0
9737,1
15602,0
39593,0
13376,0
30039,1
12107,1
7986,0
17147,1
12959,1
18349,1
24483,1
16190,1
28285,0
3840,0
2532,0
6863,0
39529,1
36548,0
6478,1
34999,1
33517,0
38025,1
38637,1
19948,1
1396,0
19419,0
14807,1
38334,1
23,1
5231,0
5227,1
4387,1
18965,1
7569,0
940,1
32871,0
36692,1
27682,1
9331,0
30473,1
13653,0
28595,0
33965,0
19882,0
10530,0
1188,1
12299,0
5128,0
7880,1
24912,1
23589,0
22036,0
3593,1
24225,0
16936,1
19505,1
1788,1
9685,0
40027,0
5170,1
12781,1
37956,0
15031,1
1623,0
39604,0
25533,1
38813,1
25924,0
33795,0
18048,0
10183,0
1512,0
14304,0
37968,0
23553,0
14712,1
9618,0
7030,1
36643,1
13542,1
4998,1
30717,0
9986,1
6340,1
3418,0
31474,1
31344,0
2826,1
20018,1
37926,1
39074,0
2306,1
5697,1
21432,1
22535,1
28533,1
308,1
36655,1
2247,1
21980,1
17020,1
38230,0
26593,0
23409,1
20230,0
18750,0
40258,0
13185,0
6596,0
17712,0
15406,1
18941,1
18194,1
38203,1
25789,1
6515,1
19553,0
8726,0
2138,1
36271,1
7576,0
34965,1
31952,1
13047,1
7180,0
1570,1
39004,1
37117,0
5836,0
18400,1
26632,1
40305,0
33543,0
6892,1
28245,0
26750,1
24986,1
35691,1
9317,1
36797,0
34479,0
6133,0
10821,1
35927,0
36294,1
38024,1
38429,1
27313,0
2273,1
24237,1
33475,1
31544,1
20835,1
17050,0
8122,1
5354,0
10287,1
26465,1
29951,0
1704,0
40228,1
20237,0
2527,0
20149,0
15780,1
39831,0
13398,1
14499,0
30674,1
23517,1
34135,0
14023,0
7831,1
16985,1
16875,0
15080,1
4815,0
12496,1
11427,0
34059,0
39848,1
2323,1
7119,0
24261,0
18692,1
18339,0
32655,0
36445,0
1113,0
25729,0
11843,0
35008,1
32758,1
35890,0
21647,0
7379,0
30726,0
24419,1
31584,0
5159,1
5382,1
1576,1
5941,0
23435,0
24906,0
39246,0
1603,0
3705,1
19976,0
34551,1
39208,0
3242,0
585,0
40192,1
11433,1
27876,0
38233,1
28332,1
25513,0
14299,0
29885,1
31175,0
17353,0
5010,0
8858,0
18410,0
3785,0
4202,0
36567,0
29268,1
19424,1
23226,0
17680,1
33624,0
21123,1
11124,1
26543,1
22939,0
4168,1
33263,1
6550,0
28142,1
2360,0
32344,0
36399,0
17428,1
20267,0
34289,0
5751,0
36281,1
36662,0
15771,1
28266,1
14865,0
31365,0
5511,1
2760,0
10877,1
24117,0
31126,1
36520,0
23918,1
28186,0
26674,1
523,0
29779,0
480,1
7303,1
16869,0
2135,1
38953,1
39670,1
1165,0
10852,1
18627,1
30076,1
18441,0
16954,0
37916,0
30061,1
10644,1
28996,1
6882,0
30820,0
39482,1
29261,1
37630,0
17775,0
12945,0
1819,1
24915,0
11988,0
8729,0
37108,0
14314,0
39181,0
1807,0
7231,0
25134,0
13014,0
35399,1
12372,1
14589,0
9132,1
11568,0
4401,0
14553,0
26455,1
26397,0
22347,1
20286,0
13299,1
30496,0
27057,0
342,1
25403,0
26185,1
26353,1
11028,1
17928,0
22509,0
6146,0
8278,0
4273,1
12709,1
27958,1
29551,0
4217,0
23045,0
27957,1
30845,1
21680,1
28995,0
4650,0
5921,1
14597,0
13752,1
29950,0
3715,1
29822,1
38704,0
38945,1
27427,1
1590,0
34284,1
22367,0
26209,1
12440,1
22949,0
8085,0
20838,1
31228,0
39131,0
24806,1
6747,0
27442,0
1240,0
36538,0
29580,1
9724,0
11775,1
8249,1
28457,0
35610,0
7364,0
35082,0
10803,0
40249,0
6802,0
37196,0
21749,1
23700,1
25410,0
13695,0
6865,0
37670,0
16801,1
17367,0
24352,0
24122,1
33602,1
18789,0
3106,0
7861,1
18684,1
8362,1
39691,0
14050,0
35844,1
36931,0
12728,0
3861,0
4215,0
13238,0
2237,0
25193,0
34824,0
16372,1
14428,0
6014,1
4421,0
30153,0
5035,1
8040,0
13687,0
28449,1
36743,0
40436,1
27792,0
3628,1
39466,0
13469,1
25469,1
21250,1
34454,0
22396,0
3510,0
20214,1
13524,1
1253,1
29295,1
430,0
29679,1
38460,0
12640,0
20940,1
27771,1
19036,0
23106,1
33296,0
36228,0
28580,1
32397,1
35001,1
38279,1
75,0
39435,1
38921,0
20198,0
9987,0
23288,0
24652,1
8489,0
20126,0
10388,1
16726,1
13063,0
34893,1
37853,0
10646,0
23002,1
708,0
38736,0
16707,1
19497,0
25361,1
31744,1
3056,1
12611,1
15013,1
31028,0
25700,0
14898,1
11965,1
15822,1
33300,0
14032,1
39992,0
14916,1
35375,0
14768,0
24823,0
20021,1
14552,0
4455,0
19235,1
21935,1
6415,1
13506,0
15974,1
1412,0
20364,0
725,1
33052,1
33999,0
26506,0
34896,0
30691,0
2185,0
19150,1
14348,0
22951,0
6793,1
32076,1
31930,1
2726,1
776,1
10454,1
33042,0
37800,0
1,1
1876,1
21222,1
3780,1
12085,0
34628,0
35155,1
7503,1
22385,0
3643,0
7294,1
15334,0
20231,1
17202,0
37034,1
31038,0
23433,1
8020,0
3635,1
8795,1
61,0
11813,0
26303,1
8901,1
40421,1
26680,0
37368,1
24166,1
13957,1
25928,0
22519,1
39681,0
19114,1
17227,1
8761,1
5466,0
34462,1
5172,0
34892,1
29082,1
31070,0
8426,0
12082,1
31248,0
27299,1
3737,0
29530,0
27617,0
12353,0
30226,1
23277,1
5907,1
34428,1
15961,0
40197,1
2952,0
30420,0
19863,1
3113,1
36333,1
11204,0
25603,1
11834,1
33284,1
33743,0
25847,1
438,0
13174,0
564,1
35630,0
7609,1
26047,0
36625,0
24743,0
21539,1
13104,0
38976,1
8537,1
20657,0
6428,1
18571,1
10016,1
15528,0
9420,1
791,1
17075,1
37374,0
2525,0
6529,0
20937,0
36746,1
32346,1
18234,1
10598,0
36503,1
34511,1
30872,1
37920,1
15073,1
8565,0
1748,0
19848,1
35509,0
27655,0
16736,0
22446,1
34895,0
5223,0
36118,1
29782,1
35730,1
9008,1
38567,1
36604,1
30642,1
27460,0
6282,0
1282,0
33651,1
911,1
31510,0
6186,1
26396,1
12962,0
5662,0
22179,0
8394,0
30012,1
5553,1
8288,0
18598,1
20052,0
25170,1
24963,1
251,1
10994,1
34348,0
15291,0
34381,1
32420,1
37721,1
15865,1
16540,0
681,1
33259,0
17590,0
16505,1
3852,0
12757,1
18802,1
23662,1
33538,0
29282,1
3835,1
35314,1
22069,0
30556,0
21450,1
9931,1
10926,1
12637,1
4867,0
19941,0
5883,1
11821,0
2229,0
14606,1
4448,1
8718,0
35916,0
6682,1
24382,1
4569,0
32865,1
21564,0
10007,1
17034,0
17011,0
23812,1
28723,0
34948,0
15971,1
7525,1
32847,0
28946,1
13236,1
16228,1
14558,1
39452,1
12200,0
26719,0
11225,0
20392,1
37886,1
38042,0
3875,1
28983,1
22602,0
32664,1
10843,1
22196,1
24202,1
3063,0
2115,0
30169,1
33481,0
34969,1
248,1
11671,0
27338,1
19027,0
5712,0
24223,0
19463,0
28638,1
27051,1
31994,0
17915,1
38446,1
14148,0
29738,0
23740,0
23839,0
593,0
27471,1
18838,1
27817,1
34868,0
34239,0
10480,0
30817,0
3946,1
28397,0
6181,0
15785,1
18002,1
8388,1
7932,0
5085,1
23962,1
36166,1
31574,0
18160,1
10054,1
25584,0
29080,0
31904,0
18988,1
39712,1
5661,0
15370,0
83,1
979,0
31794,0
23167,1
11444,0
37663,0
18636,1
37414,0
2295,1
36855,0
39421,1
40245,0
26823,0
35774,1
8765,0
7109,0
38051,0
24428,0
5455,0
30279,1
28484,0
29111,1
37596,1
19284,0
22983,1
38680,0
39789,1
20395,1
11451,1
26575,1
19926,1
22762,1
6350,0
32266,1
11474,1
30195,1
13256,1
21241,1
23670,0
28192,1
16278,1
5548,1
38287,1
12594,1
16695,0
5040,1
36439,1
31023,0
12104,0
1684,0
12678,1
23193,1
330,1
22883,0
14611,1
27159,0
4740,0
4504,1
2692,0
22971,1
26184,1
13968,0
12133,0
35048,1
12859,1
22016,0
25393,1
17119,1
38093,0
25180,0
31230,1
30787,0
29647,0
5115,1
39637,0
11832,1
34369,1
39635,0
738,0
709,0
18673,0
30409,0
18579,1
341,1
13252,0
15686,1
6224,1
19633,0
29952,1
1594,1
16971,0
13538,0
27968,0
31853,0
28559,0
31124,0
34626,1
28485,0
23302,1
34143,1
36189,0
18723,0
39262,0
39926,1
4518,0
21629,0
23604,0
39839,0
12900,1
19370,1
21841,0
38889,0
11288,0
38974,0
8671,1
3507,1
1549,0
16871,0
29185,0
26463,0
1703,0
4068,0
2245,0
27112,0
23536,0
12776,1
12507,1
12414,1
11195,1
7474,1
5198,1
17746,1
31347,0
3566,0
27373,0
15143,1
40332,1
37684,0
9003,0
6736,1
11275,0
34405,1
27034,1
16041,0
27884,1
2189,1
10539,0
33410,0
12573,1
11475,0
26998,1
31651,0
27147,0
21572,0
2916,0
17724,1
1888,1
34444,1
12653,0
6835,0
19774,1
20330,0
648,1
14737,0
6675,1
19111,1
33636,1
11893,1
11029,1
28944,1
19454,0
28852,1
2207,1
7481,1
20556,1
30594,1
18805,1
34344,1
6275,0
25834,1
38072,0
32375,0
26897,0
23674,0
25911,1
15035,1
2342,1
30011,0
10863,1
24635,0
17055,1
2294,0
40171,0
33076,0
2949,1
34656,0
13431,1
3693,0
34691,1
38652,1
37123,0
28882,0
2672,1
17172,0
17306,0
36713,1
10536,1
10146,1
32259,0
312,0
16841,0
15557,1
5707,0
39897,0
18307,1
33929,0
31242,1
37242,0
6065,0
33273,0
35177,0
27789,1
35068,1
36677,1
2571,0
37628,1
25591,1
6885,1
38282,1
11868,0
831,0
1850,0
15267,1
27998,1
116,0
34127,0
18183,1
399,1
17666,0
25668,0
19753,1
8494,1
38100,0
24343,1
19196,0
15503,0
8790,1
30789,1
20123,0
35858,1
18861,0
34538,0
37275,0
32555,0
38338,1
3988,0
2828,1
39896,0
16255,0
34211,0
35823,1
10200,0
12027,1
38909,0
28299,1
7416,0
26125,0
13131,0
23219,1
18829,1
27803,1
33740,0
32015,1
3530,1
17160,0
26731,1
25430,1
24573,1
17067,1
6049,1
8383,1
2448,0
5262,1
39687,1
21114,1
35981,1
29528,0
31015,0
27012,0
14579,1
12600,0
34992,0
15238,0
16186,1
21002,1
3378,1
6526,0
30040,0
16951,1
6418,1
34956,1
21321,0
8739,1
9126,1
29744,1
20713,1
38301,1
24533,0
13340,1
26851,0
25195,0
18533,0
12733,1
14787,0
21210,1
40475,1
33922,0
16419,0
36449,1
3245,0
15564,1
4955,0
14335,1
9918,1
4974,0
2213,1
8501,1
36711,0
959,0
618,0
24569,1
4308,0
39254,1
20158,0
10591,1
27642,1
31442,1
4657,1
19813,0
17240,0
34136,1
16166,1
15703,1
3337,0
7487,1
19301,0
32145,0
38365,1
4615,1
32879,0
11670,0
29884,0
6111,0
28304,1
19297,0
32622,1
39398,0
19511,1
19388,0
4519,0
10829,0
8934,1
30417,0
13389,1
32331,0
6314,1
13915,1
6046,0
21344,0
31203,1
29767,0
18012,0
30577,1
9801,1
7212,0
5100,1
15192,1
22406,1
39077,1
29780,0
29536,0
21487,0
18396,0
35475,0
23330,1
31833,1
32600,1
25888,0
27666,1
19849,1
33024,0
22316,0
37417,1
34664,1
34555,1
24847,0
35099,0
15181,0
19537,1
10560,1
20295,1
3288,0
26888,0
11245,1
25770,1
8409,1
31622,1
10580,1
35221,0
13577,1
6432,1
21488,1
7237,1
40138,0
16443,0
25987,0
30201,0
14748,0
33853,1
702,0
25973,0
9728,0
28598,1
991,0
11764,1
30198,1
20443,1
19972,1
19820,1
13260,1
34488,0
40465,0
1889,1
20277,0
24158,0
11674,1
6904,1
34353,1
14917,0
22563,0
22312,1
18837,1
14315,0
38961,0
24850,0
2442,1
19258,1
14186,1
22573,0
1337,1
9902,0
12851,0
23214,0
30550,0
19661,1
29348,1
9974,0
14177,1
11488,0
25863,1
17834,0
19697,1
12923,0
12387,1
37843,0
1397,1
7638,1
27269,1
39503,0
11031,0
7616,1
14181,1
25972,0
15381,1
38154,0
16887,1
36310,1
1826,0
33494,0
15767,1
22964,1
36941,0
779,0
21273,1
3704,0
32396,0
38289,0
8331,0
7251,1
14777,0
19543,1
18495,0
17163,1
22899,0
5874,1
18306,1
35061,0
29051,1
25850,0
39417,1
27910,0
23884,0
13983,0
21867,1
37168,0
35957,0
10962,1
34559,1
5352,0
34849,1
36381,0
28832,0
22506,1
19058,0
17291,0
20073,1
26730,0
9192,0
22975,0
39194,0
29307,0
31233,1
24404,1
31837,0
10996,0
10463,1
11309,1
6756,0
35736,0
38318,1
31962,0
3761,1
25661,0
14936,1
35908,1
2363,1
7183,0
17636,1
37544,1
20624,0
16064,1
36217,0
1348,1
37297,0
38782,0
20871,0
27722,0
40307,0
17233,0
11852,0
9564,0
8975,0
35291,1
26633,0
20227,1
6394,0
14796,0
7029,1
12593,0
12250,1
18197,1
4040,0
18036,1
26083,0
38973,0
14741,0
977,0
25630,0
6002,1
20397,0
10430,0
4346,1
22805,1
39849,0
9658,1
17614,1
36542,0
31475,0
31309,1
7327,1
19916,1
9985,0
25878,0
21982,0
38149,0
25133,1
35302,1
30025,0
36898,1
20629,0
36386,1
19841,0
33730,0
31934,1
19655,0
8358,0
35480,0
29012,0
28373,1
20909,0
36570,1
927,0
31411,1
25486,0
8755,0
20924,1
34847,0
36552,1
27685,0
37204,0
22954,0
34468,1
31145,1
31820,0
28361,1
27077,1
18430,0
8054,0
9296,0
20016,0
8763,1
7852,0
6860,0
5959,0
35680,1
26545,0
38177,0
12933,0
1710,0
6136,0
26530,0
24539,1
28581,0
13633,1
8492,0
28210,1
30476,1
15837,0
35684,1
9451,0
3834,0
39664,0
4528,0
27174,0
12492,1
27062,1
36611,0
19705,1
31377,1
14625,0
18189,1
30955,0
15834,1
26610,1
5121,1
16818,1
317,0
2255,0
13278,1
7062,0
11262,1
5457,0
8188,1
30701,1
19085,0
27556,0
15984,0
29060,1
6465,0
30591,0
17318,0
34768,1
23208,1
15083,0
2867,0
14839,1
4416,0
25846,1
4193,1
20645,1
21231,1
24730,0
29384,0
24983,0
37914,1
32124,0
1696,1
18943,0
11082,0
5908,0
40203,0
9055,0
11355,1
23229,1
32136,0
33047,0
20793,0
16591,1
10405,1
27019,1
31300,0
7701,0
9205,0
35332,1
4890,1
38487,0
39323,1
13972,0
25776,0
21454,0
22701,0
2577,1
32680,1
6874,1
36324,0
1490,1
39317,0
918,0
21533,0
22795,0
33371,1
32904,0
11550,1
28357,1
26297,1
29006,0
40282,0
31404,0
31561,0
21255,0
18734,1
1661,1
8840,1
9708,0
18718,1
35220,0
5102,1
24139,0
33277,0
10735,1
29817,1
37269,1
27145,0
10801,1
9693,1
39309,0
18948,1
28582,0
14339,1
38936,0
6735,0
26618,1
7330,0
15726,1
21985,1
35385,1
20476,0
32116,0
32971,0
38626,1
6868,1
6493,1
18906,1
22305,0
19034,1
30489,1
9738,0
10630,0
36953,0
36122,0
35437,0
11257,1
31079,0
32755,1
8326,1
18564,1
26492,1
19040,0
30880,1
37911,1
7499,0
11178,0
30684,1
30608,1
11436,0
5114,0
29997,1
12551,1
32104,1
20744,0
578,1
4326,1
27737,1
18586,0
15590,1
8021,1
9427,0
39437,0
1092,1
6165,1
3799,0
23033,0
32041,1
28267,0
710,1
16094,0
28428,1
10855,0
1732,1
19045,0
34280,0
2756,0
10747,1
3789,1
18331,1
9506,0
39754,1
40030,0
10455,1
33442,1
39413,0
34915,1
26542,0
7705,0
10497,0
28501,1
15189,1
19415,0
33279,1
37931,1
39788,0
33253,1
21228,1
1588,0
30032,0
15092,1
10765,1
37343,0
23085,1
4410,0
16597,1
6808,1
18404,0
36958,0
1837,1
5563,0
3529,1
31177,1
23951,0
20604,1
9266,1
9960,1
2437,0
38384,0
39991,1
18576,0
13533,0
4148,0
19970,0
36544,1
30479,1
13028,0
40120,1
1434,0
30996,1
4404,0
39945,0
38439,1
27541,1
35705,0
20554,0
23120,1
12051,0
14703,1
6528,0
12503,0
22530,1
34991,0
29396,0
16224,0
13066,0
27343,0
5882,1
10192,0
22902,0
15097,1
30858,0
22438,1
19489,1
5488,0
8586,1
38059,1
29989,0
22969,1
6326,0
24622,1
35414,0
23987,1
35502,0
35678,1
31638,0
5471,1
37317,1
28055,0
23127,1
3226,1
38935,1
10422,1
40093,0
37825,1
23338,1
11546,1
34933,0
98,0
16000,1
18960,1
13618,1
16269,0
7411,1
26202,1
26059,1
993,1
31760,1
326,0
33705,0
4918,1
11265,1
20988,0
7112,1
29871,0
32400,0
32814,1
40067,0
28206,1
11104,0
24922,1
33574,0
9856,1
9861,0
7168,1
7706,1
12136,0
27835,0
35268,0
1411,1
36085,0
18087,1
33061,1
8807,1
40363,1
966,0
16664,0
3396,1
12954,0
30588,0
37276,0
20649,1
10951,0
22288,1
10365,0
3031,1
18555,1
39835,1
31524,0
12261,1
36592,0
19398,1
32270,0
2857,1
5638,0
25506,1
16602,0
5598,1
35741,0
5875,1
6994,0
28377,0
40274,0
4393,1
21102,1
39433,0
6527,1
3938,0
14124,0
11875,1
25365,1
3252,1
12727,1
27782,1
1510,1
32422,0
24876,1
34897,1
23923,0
9284,1
7891,1
38193,1
19498,0
37522,0
11461,0
15920,0
3525,0
14173,0
26521,1
32855,0
3732,1
11077,1
5343,0
9021,0
23032,0
22801,0
15395,1
40277,0
17366,0
24069,0
18844,1
39196,1
27934,1
2357,0
12618,1
37282,0
4339,0
32738,0
3826,0
16355,1
20250,0
416,0
34242,1
20264,1
2222,0
898,0
33195,0
7003,1
33775,1
16495,0
14771,1
9061,0
15967,0
10660,0
40081,0
17526,1
4045,1
8613,1
34994,1
18341,1
12539,0
29232,0
8961,1
17702,0
40205,1
7388,1
8647,1
31133,1
23469,0
25535,0
30059,0
40309,1
24452,1
29160,1
18674,0
35857,1
38728,0
11642,1
17444,0
15388,0
24093,1
27706,0
33667,0
20248,0
32282,0
1723,1
37722,1
15159,0
22252,0
27630,1
29302,0
6365,0
8923,0
20552,0
31862,0
38830,1
7759,0
15875,1
9349,0
8111,0
36606,1
40230,1
21440,0
25317,0
20004,0
23655,1
23038,0
19568,1
13863,0
26833,1
34721,0
3633,1
15124,1
26138,1
16054,1
6847,0
35152,0
16168,1
30657,0
2109,1
17726,0
3401,0
11076,0
14490,0
36473,0
33707,1
9687,0
30723,0
9058,0
7555,1
35564,0
4229,0
24510,1
14165,1
36651,1
8920,1
28028,0
4562,1
2683,0
27607,1
29937,1
8908,0
11666,0
35872,1
69,1
34423,1
10876,1
25413,1
39595,1
35973,0
9786,1
25334,0
27524,1
1498,0
29019,1
242,0
3455,0
7567,0
18076,0
14798,1
20571,0
37485,0
21460,1
21293,1
25352,0
31799,0
22041,0
3263,0
30900,1
7024,1
20321,1
12263,1
11127,0
23141,0
38406,1
14668,0
873,0
24857,1
19102,1
12276,0
3578,0
30214,1
6824,0
28382,1
33760,1
40188,1
22019,1
4756,1
31421,1
16432,0
17026,1
6072,1
25638,1
38209,0
10545,0
39761,1
32394,1
36805,1
11933,1
2275,0
1882,0
17756,0
9273,0
32004,0
25576,0
3286,0
15484,1
23658,0
27827,1
19012,1
8986,0
28724,0
37616,1
6978,0
6592,0
10925,0
17280,1
17987,0
13033,0
1707,1
1771,1
30189,0
9480,0
17901,0
33914,0
15538,0
17609,0
2383,1
11296,0
13763,1
7040,1
40286,1
2266,0
38723,1
20627,0
3776,1
16171,1
1350,1
17612,0
21858,1
19786,0
2874,0
25254,1
29444,0
3474,0
2312,0
36096,1
8617,0
38236,1
7250,0
20385,1
8821,0
15415,0
35624,1
23080,0
31593,0
649,1
27282,0
13075,1
25686,1
29897,0
37718,0
3589,0
39866,1
28894,0
16906,0
27137,1
32108,0
30456,0
33847,1
5749,0
29663,0
31678,1
16947,1
186,0
31955,0
17647,0
15497,0
38798,0
26599,0
10992,1
32398,0
764,0
17574,1
3847,0
16329,0
33484,0
28096,0
6832,0
37341,1
37369,0
24790,1
14774,1
23667,1
35765,0
647,0
38468,0
14825,1
733,1
12596,1
12978,1
36827,1
28416,0
12971,0
21278,0
26381,0
22298,0
6225,0
10081,1
4082,0
37624,0
165,0
24740,1
2705,0
9287,1
16594,0
22579,1
23758,1
23617,1
27823,0
37348,0
31477,1
22557,0
23240,1
12472,0
33612,0
13656,1
38580,0
19688,1
25736,0
29496,0
28688,1
3893,0
28355,1
3594,0
25869,0
29983,1
23318,0
7096,1
26584,1
4445,0
36889,1
40052,1
26418,0
14090,0
3184,1
5218,0
21503,1
15311,0
6491,1
39825,1
10132,1
31363,0
13816,1
3803,1
20850,1
16233,0
19809,1
21805,0
35886,1
12623,1
16595,1
28303,1
7323,1
31945,0
32815,0
4207,1
35012,0
21934,0
12422,0
10138,0
33913,0
10035,0
36063,1
13125,0
37225,0
31516,0
7672,1
38223,1
39809,1
18647,0
38624,1
1632,1
13831,1
39943,0
31191,1
32995,1
20440,0
25348,0
15009,0
33321,0
30904,0
26158,0
30695,1
32010,1
33626,1
26538,0
22393,1
6062,0
31150,0
2602,1
3753,0
22435,0
8082,0
12804,1
37811,1
3067,1
12168,1
26085,0
35095,1
38361,0
24632,1
22294,1
13433,0
30702,0
31418,0
18392,0
8944,0
26625,0
22868,0
22739,0
11318,1
18629,1
30124,0
628,0
36100,1
17812,1
17686,0
22012,0
9831,0
37541,1
29965,1
4471,0
376,0
7134,0
13639,0
13920,1
21679,0
28998,1
16502,1
9898,1
36745,1
7528,1
22114,0
35561,1
1298,0
23931,1
14446,0
37357,0
11527,1
7162,0
14731,1
16072,0
2126,1
15476,1
24536,1
37104,0
31025,1
11191,0
29507,1
25078,1
29945,1
5960,1
12322,0
19107,1
30004,0
26356,0
36026,0
39241,1
10012,1
9478,1
20630,0
20071,0
13452,1
21835,1
4602,1
36396,1
38873,1
4737,0
23452,1
418,1
39361,1
20147,1
28396,0
40078,0
27402,1
29820,1
1260,1
31633,1
10612,1
16100,0
2564,0
13827,1
3021,0
13005,1
27219,1
1383,1
8343,0
6480,0
18206,1
34060,1
8393,1
4269,0
22167,1
20351,1
2518,0
35197,1
16296,1
8247,0
30317,0
12073,0
40268,0
33911,1
30774,0
6188,1
37033,0
19253,1
36894,0
20576,0
32725,1
24387,0
24296,0
7589,0
35066,1
37700,0
17265,0
942,1
4212,0
23073,0
18086,0
37195,0
15607,0
6267,0
33184,0
20416,0
30500,0
33930,1
38972,0
22774,1
20296,0
34033,1
16069,0
3842,0
26710,1
4372,0
10151,1
25536,1
29789,0
36560,1
12581,1
18217,0
16852,1
39383,0
18484,0
7571,0
15888,0
626,1
17840,0
18878,1
7580,1
29137,0
8435,1
28414,0
32250,0
37164,0
15024,1
38763,1
13320,1
3100,0
40374,0
30465,0
1959,0
6888,0
29668,1
39581,1
16780,1
40172,0
25663,1
10838,0
6686,1
20718,1
19750,1
8374,1
7947,1
8140,1
37972,0
22317,1
21320,0
19121,1
952,1
3002,1
31258,1
27033,0
9253,0
9767,1
5386,1
24023,1
12358,0
8091,0
35472,1
23547,1
13596,0
27677,1
8279,1
8321,0
10444,0
20137,0
16826,0
34,0
4523,1
5388,0
22594,0
3758,0
8132,0
39195,0
1863,0
29024,0
4169,1
8891,0
15576,1
21433,0
34336,0
40235,0
9162,1
2592,0
32671,1
28564,1
3833,1
24616,1
19943,0
33482,0
31017,0
6404,1
15345,1
22249,1
36273,0
40125,0
3735,0
37521,0
9123,0
16534,1
15069,0
378,0
32431,1
9712,1
33821,1
10963,0
8904,1
1793,1
6231,1
39011,1
32208,1
12585,1
18251,1
8223,0
12494,1
37978,0
1761,0
28644,1
18149,1
36104,1
30593,0
37068,0
36943,1
7375,0
14483,1
36458,0
32195,0
22413,1
29142,1
14068,1
10413,1
21086,0
25217,0
28461,0
26153,0
30052,0
200,1
34245,0
10398,1
19651,0
28421,1
26603,1
3043,1
24270,1
13999,1
14583,0
37085,1
13925,0
6427,1
18834,0
28177,0
4405,1
780,0
11264,0
35369,0
12802,0
16112,0
19794,1
36660,0
30583,0
1856,0
17566,0
18521,0
35688,0
2588,1
9523,1
17555,1
19546,0
29578,1
20040,0
369,1
8659,1
36419,1
13208,1
28560,1
30661,0
11634,1
6056,0
34232,0
22404,1
22479,0
27999,1
36193,0
37185,0
24772,0
5165,0
19699,1
19695,0
33921,0
35524,1
30569,1
12649,0
4845,1
5595,0
32380,1
40244,1
35789,1
28512,1
37950,0
17757,0
1061,1
20210,0
5384,1
35397,0
14854,0
37151,0
20591,0
24985,0
31591,0
30396,1
19349,1
27557,0
10601,0
697,1
10229,1
22972,0
4235,0
14584,1
26821,1
22456,0
32503,1
1288,0
517,1
18069,1
6870,0
22627,0
36767,0
3128,0
15986,1
2896,0
33794,1
33409,0
38778,1
4341,0
26448,1
22321,1
23367,1
5742,0
11641,1
21690,1
26981,0
1086,1
23770,0
8528,0
30222,0
13713,1
3298,1
37064,1
6013,0
7602,1
35602,0
21476,0
1717,1
3916,0
17730,0
27633,0
34198,0
21430,1
15505,1
11300,0
14644,0
16966,1
23053,0
23841,1
35899,1
20736,0
38038,0
1448,1
30094,0
39442,0
4342,1
31342,1
26112,0
31026,1
16106,0
34703,1
18025,0
30630,1
4219,0
9590,1
25141,1
26139,1
32304,0
38187,1
2658,1
37025,0
28851,0
19662,1
3707,0
27389,1
11732,1
15168,1
36925,1
25460,0
15039,0
38220,1
2894,0
33528,1
30963,0
6912,0
25967,0
28017,1
6759,1
15258,1
26989,0
30781,0
22846,1
9743,0
25672,1
25573,0
32627,1
1204,0
6388,1
26222,1
7270,1
33701,0
4322,1
3820,0
31806,1
31830,1
11331,1
28388,1
7679,0
31197,0
31460,0
39084,0
16610,0
37436,0
17462,1
30095,1
29448,1
14673,0
18926,0
18154,0
7762,0
37019,1
20046,1
29935,1
18035,0
34756,1
9591,1
3660,0
15418,1
18415,1
5916,0
28081,1
19042,0
5490,0
28622,1
19189,1
23887,0
35930,1
23353,0
36389,1
13058,1
1496,1
13302,1
27963,1
37613,0
6108,0
19723,1
21014,1
23389,0
22752,0
33023,0
11541,0
9235,0
27423,0
24010,1
38664,0
33878,0
36066,0
9016,1
11348,0
9733,0
36541,0
1248,0
17003,0
15868,1
18479,1
40242,1
16051,0
20570,1
18938,0
7401,0
13374,1
12739,1
24389,0
15236,1
18887,0
32390,1
5371,0
7781,1
9640,0
25534,0
18285,1
14789,1
33170,1
14750,1
38823,0
39242,1
38371,1
36465,0
22729,1
37894,1
31839,1
279,0
34096,1
35759,0
21666,1
22786,1
32193,1
13617,0
25340,1
19570,0
14740,0
2305,0
29321,0
2350,0
3155,1
8099,0
34133,0
25055,0
17819,1
32360,1
18067,0
25379,1
10389,0
18517,0
16751,0
25383,1
38249,1
35285,1
10917,1
37364,0
15468,0
15322,1
15744,1
16828,1
25397,0
39198,0
7650,1
38731,1
38003,1
3068,0
27296,0
16870,0
5780,1
1758,0
10491,1
25448,1
2754,1
24379,1
15044,0
20865,0
38085,0
6401,1
15937,1
5821,0
19587,0
6442,0
26722,1
7301,1
36874,1
29609,1
36366,1
21157,1
1575,0
22175,0
23076,1
24887,0
19992,0
26316,1
20735,0
16975,1
39520,0
36904,1
7870,0
22507,0
14752,1
17416,1
28774,0
3585,0
31171,0
1227,0
15171,0
9353,0
20155,1
15699,0
18317,1
23746,0
22090,1
24676,0
2960,1
30937,1
5657,0
20687,1
21426,1
19277,0
34197,1
6271,0
34903,1
3914,1
18380,1
8869,1
29194,1
13032,1
24779,1
1181,0
30181,0
4428,1
1433,1
30089,0
29541,0
17925,1
34983,0
39705,0
4292,1
35344,1
36983,1
17295,0
18641,0
39534,0
2879,0
31316,1
9159,1
11121,0
5940,1
16930,0
38364,1
13909,0
13095,0
33215,1
1904,1
34321,1
1197,0
758,1
30224,1
21356,0
35156,1
5579,0
7901,1
30704,0
24942,1
11605,0
4699,1
19957,1
8541,1
7778,1
35648,0
24897,0
5356,0
27688,1
31130,0
13620,1
31924,1
28847,0
16429,0
26807,0
13815,0
21317,1
1182,0
3197,0
10098,1
13413,1
7402,1
34482,0
3189,0
14494,1
1500,1
2142,0
30779,0
8047,0
27201,0
18173,1
39785,0
36620,0
7335,1
2847,1
1147,1
26430,0
34899,1
14474,1
21846,1
18552,1
25172,1
12725,1
22570,1
32356,1
28344,1
30085,1
22531,1
38353,0
34507,0
11783,1
39947,0
25312,0
8824,1
6890,1
32732,0
1741,0
33960,1
39715,1
10836,0
34509,1
15246,0
18346,0
40453,0
26878,1
38011,0
36868,0
2854,1
20974,1
19487,0
24239,1
9549,1
11806,1
31179,1
23220,0
4921,0
28420,0
27994,0
28342,1
15135,1
21185,1
14151,1
3451,0
27887,0
36634,1
22845,1
6481,0
19000,1
26286,1
19612,0
20983,0
4253,1
2053,1
10752,1
30385,0
20068,1
30555,0
18963,0
3592,1
14416,0
35253,1
37394,1
7725,0
13308,0
10013,0
14851,1
25674,1
25324,1
32718,0
22079,1
36195,1
16063,0
15743,0
34427,0
17149,0
16132,1
8476,1
9753,0
29145,1
13759,1
35742,0
27484,0
14710,0
35293,1
10045,1
39612,0
6633,1
24568,1
26577,1
31326,0
35449,1
13206,1
21280,1
5078,1
6262,1
16542,0
2071,0
6197,0
6605,1
15122,0
15046,1
3296,0
21512,1
3202,1
2034,1
20110,1
28571,1
264,0
27312,1
35017,0
25191,0
27246,0
34014,0
17305,1
32153,0
36261,1
17655,0
26858,0
7755,1
39633,1
17822,1
27134,0
30146,0
17340,1
6354,0
22854,0
7369,0
17134,0
6244,1
12063,1
26927,1
7268,0
36325,0
23263,0
21668,1
29639,0
25284,0
13655,0
1719,0
17781,1
3053,0
7258,1
36274,1
32311,1
11131,0
12160,1
1097,0
14221,0
31740,0
12383,0
4805,1
4900,1
31129,0
13198,1
6216,0
21122,0
12441,0
15071,0
27458,0
24598,0
8350,1
25929,1
38116,1
20170,1
8057,1
36614,0
32090,0
19936,0
31715,1
24903,0
38806,0
18808,1
10217,1
6911,0
6053,1
6585,1
10888,0
12800,1
196,0
16604,1
15897,0
31642,0
7475,1
8569,1
18869,0
36302,1
39721,1
23050,1
7908,0
4707,0
40160,1
37102,1
37868,1
19788,1
18085,0
20761,1
24325,0
16817,0
15656,0
4634,1
11751,1
26074,0
8230,0
31579,1
34852,0
11163,1
22039,0
27497,0
22073,0
14111,0
7615,1
10031,0
16573,0
14412,1
25740,0
6985,1
31263,1
31735,1
8341,0
20374,0
6149,1
22246,0
14074,1
31368,1
5746,0
15130,0
27893,0
32666,1
7600,0
20693,1
17456,0
38216,1
33178,0
31224,0
23747,0
31950,0
15294,1
9093,1
6272,0
28063,0
31102,0
39672,0
15757,0
7339,0
38585,1
21088,0
960,0
28935,0
6000,1
181,1
25775,0
22454,1
22126,0
4028,0
3645,0
13826,0
30770,0
16214,1
12955,1
31652,1
31317,0
13931,1
35841,0
20912,0
22231,0
39328,1
5975,1
7321,0
16141,0
5140,1
14381,0
27619,0
39314,1
35361,1
29970,1
12233,1
12487,1
37810,1
27248,1
11601,0
28134,1
11128,0
14143,1
8322,0
4480,1
21477,1
38358,0
25806,1
14054,0
16739,1
18273,1
34473,1
1377,0
20727,0
33310,1
36211,0
7266,0
25540,0
9876,1
4420,1
11234,0
21660,1
22364,0
14399,0
24902,1
7414,1
13415,1
29385,0
39019,1
134,1
34625,0
8871,0
12290,1
34221,1
4227,1
18295,1
38194,1
3406,1
5557,1
10941,0
8899,1
34311,1
6597,0
3211,0
4057,1
33333,1
10436,0
15862,0
6946,0
25684,1
14926,1
33232,1
8687,1
3165,1
16134,1
15283,1
23725,1
30229,0
39096,0
10089,1
19302,1
39117,1
39333,1
15731,0
29501,0
3923,0
16227,1
24620,0
3905,0
5824,1
31011,0
22737,0
18871,0
35280,0
21406,0
37542,1
16643,1
22365,1
26652,1
32095,0
32689,1
35651,1
24597,1
31882,0
9598,1
25935,0
21418,0
18106,0
29157,1
2848,1
22590,0
24097,0
22417,1
7646,0
9806,0
11551,0
19021,0
18927,0
37733,0
26810,0
36401,1
7577,1
13088,0
27548,0
34212,0
2955,1
23335,0
19119,0
39564,1
32144,0
33815,1
31483,1
1390,1
1039,0
23811,1
33994,1
33463,1
40364,0
35804,0
1896,0
32118,1
32218,1
26693,1
15108,1
26947,1
24564,1
14612,0
24289,1
1318,0
27008,0
20383,1
8375,0
2676,0
3945,1
34261,0
16196,0
9398,0
7565,0
38874,1
25809,1
6915,1
3541,1
13802,0
23724,0
4469,0
32219,1
38005,1
32135,0
10359,1
12153,1
33509,1
27638,0
7911,1
22916,1
20720,0
8897,1
33466,0
20701,0
23722,1
3839,0
22464,0
2310,0
7191,1
28837,1
21003,1
15427,0
3673,0
2457,0
13511,0
23262,1
27984,0
15337,1
9722,1
8206,0
12903,0
17021,0
15392,0
7613,0
34856,1
28604,1
23845,1
24396,1
26820,0
39658,0
39889,1
15631,0
623,0
11911,1
38530,0
25296,0
9183,0
5732,0
9358,1
39199,0
10163,0
22326,0
35171,1
9051,0
6604,1
14452,1
31278,0
1296,1
27741,1
29515,0
7722,0
8420,1
16423,0
7980,0
36197,0
586,1
25300,0
18470,0
27634,0
4667,0
21069,0
33832,1
2578,1
32604,0
37190,0
35457,1
18591,0
14286,0
11206,0
4879,0
11501,0
7950,1
14749,1
6018,1
34904,0
35685,1
6253,0
21862,1
5740,0
3025,0
26315,0
4058,0
14784,1
34670,0
6536,0
2091,1
12832,0
37755,0
30252,0
24953,1
5336,1
31139,1
15671,0
19883,0
7809,0
32213,1
33179,1
30501,0
30121,0
38382,1
16963,1
18090,1
30670,1
25571,1
21463,1
20603,0
23745,0
22849,1
7306,1
21167,0
36991,1
13974,1
26775,0
8735,1
17919,0
35572,1
33435,0
2943,0
2548,0
4679,0
38283,1
21581,0
19315,1
8993,1
35697,1
7264,0
33663,0
7822,0
12266,1
18424,1
21619,0
27911,0
30218,1
11979,0
9920,0
5394,0
34898,0
29460,1
33731,1
26906,1
1564,0
16145,1
19486,1
38700,0
38761,1
26631,0
19449,1
29658,0
10600,1
3734,0
24924,1
8357,0
17000,0
40344,1
27857,0
20162,0
8723,1
17255,1
14792,0
22049,1
26042,1
5694,1
12513,0
12928,1
22290,0
7193,1
34634,1
16796,1
33447,0
2001,0
12284,0
26576,1
34598,1
21738,0
9887,0
16601,0
35677,0
4981,1
18605,0
31109,0
2900,0
32797,0
28088,1
18739,1
34176,0
31848,1
4430,1
14355,0
27381,0
1387,1
15209,1
31088,1
29755,1
12737,0
34840,0
344,0
14704,1
6778,1
2254,1
15561,1
7724,0
29368,0
28611,1
1815,0
139,0
904,0
22234,1
10020,1
30511,1
32289,0
9044,1
29579,1
27547,0
8596,0
10999,1
16031,1
17258,0
37851,1
20063,1
7557,0
35232,0
26495,1
26791,0
28563,0
27190,0
30902,0
29031,0
34389,1
38942,0
22843,0
29361,1
36057,1
25910,0
39640,0
40113,1
29213,0
17520,1
7729,1
5341,0
6580,1
31078,1
25889,0
13391,1
35441,1
33958,0
9073,1
6483,1
22466,1
5686,0
21746,0
7686,0
10969,1
1794,1
24177,0
21370,0
38452,0
6311,1
8517,0
18720,1
15020,1
28825,0
29543,0
38435,0
26644,0
14190,0
15232,0
35165,0
18786,0
4620,1
4305,1
30968,1
8768,1
4579,0
12066,1
35241,1
24664,0
8677,0
35037,1
36112,1
17128,1
16536,1
30288,0
36474,0
14756,0
13938,0
18046,0
10746,0
24053,0
25151,1
8059,0
37154,0
22501,1
27298,1
36652,0
30592,1
12101,1
26461,0
39165,0
19351,0
4159,0
35657,0
6169,0
119,1
37171,1
1534,0
3452,1
19372,0
24958,0
14946,0
19431,0
39451,0
21772,0
15633,1
2041,1
17687,0
12030,1
12745,0
20090,0
24353,1
14117,0
35619,1
14471,0
2117,1
20026,1
14675,0
20000,1
2647,1
14403,1
14652,0
9674,1
18111,1
5764,1
18729,0
13197,1
18368,0
19391,1
11532,1
27267,0
21884,1
4613,0
24608,1
5705,1
29233,0
28077,1
38160,0
37008,1
35906,1
5189,1
16174,0
31217,0
24030,1
4783,0
17193,0
39402,0
15751,0
11256,1
32522,1
1516,0
1275,1
14664,0
15382,0
827,0
26781,0
5026,1
4985,0
2215,1
34236,0
23417,1
25890,0
2009,0
18955,0
39217,1
1812,0
24553,1
23605,1
21504,0
512,1
17213,1
17516,0
30477,1
13849,1
21582,0
28539,1
8602,1
21626,1
4660,1
11567,0
36042,1
26350,0
11644,1
30377,0
12744,1
640,1
23149,1
8178,0
35729,1
18026,0
1456,1
38917,0
31745,1
9562,1
38198,0
35784,0
40123,1
16487,0
37918,1
22378,1
7775,1
8568,1
34855,0
33966,1
39783,1
9354,1
17683,1
8049,0
12042,0
39500,0
39168,1
39778,1
18868,1
32085,0
34633,0
36814,1
241,1
4170,0
20882,1
23505,1
35119,0
23010,0
39312,0
13614,0
10186,0
21051,0
32861,0
39752,0
39292,0
32950,0
38147,1
2946,0
5551,0
21693,1
2638,0
10592,1
16612,0
22546,0
15363,0
25767,1
34705,0
3882,1
38746,0
32708,1
24273,1
25748,0
33439,1
7920,0
10171,0
17433,0
5989,1
19914,1
6400,1
24757,1
33942,0
32306,1
28166,0
3580,0
31960,0
37205,0
12990,1
26223,0
35616,1
10865,0
38967,0
12528,1
33126,1
12932,1
11856,0
27336,1
32013,0
34848,0
29474,0
122,1
15207,1
1053,1
26097,0
7718,1
902,1
36985,0
3208,1
9633,1
8879,0
9087,1
12036,1
17867,0
30894,0
30551,1
23656,0
40103,0
6708,1
15393,0
12784,1
31441,1
25026,0
7969,0
2304,1
33225,1
2499,1
14528,1
25589,0
850,0
25604,1
24827,1
5434,1
30033,0
40417,1
37964,0
36238,1
14290,1
23359,1
24283,1
15947,1
3309,1
26364,1
939,1
1644,1
37047,0
13922,0
19357,1
26592,0
10276,1
28175,0
28007,0
2095,1
32515,0
36144,0
32100,0
24190,0
21306,0
5048,0
10369,0
1994,0
9370,1
3703,0
16768,1
16404,1
12362,0
18654,1
17287,1
212,0
20336,1
6542,0
1662,1
4772,1
18776,1
9311,1
3601,1
38497,1
7468,0
24116,1
14438,1
3493,0
40134,0
4036,0
22866,1
27392,0
33222,0
14682,1
6996,1
26782,0
39284,1
34760,1
9792,1
37009,1
10650,1
22348,1
21540,1
37563,0
40359,1
6081,0
36283,1
6573,1
10718,1
29288,1
34233,0
25299,1
21903,1
13097,1
20206,0
24891,1
40153,0
34337,0
39686,0
13604,1
29632,0
33706,0
18005,0
25561,1
35889,0
28601,0
8156,0
1520,0
37347,1
36136,0
21039,1
1555,1
40314,1
36311,1
8231,0
37500,0
22657,0
15016,0
12065,0
28069,1
31473,1
20349,0
32863,1
28507,1
13082,0
9281,1
1114,0
8450,1
24999,1
33079,1
32730,0
16303,1
26774,0
20585,0
10324,1
21081,0
9701,0
26141,1
37607,0
12639,1
29153,0
1871,0
10075,0
10656,1
30051,0
12520,1
36551,1
3287,0
7974,1
17277,1
36554,1
3315,1
31232,0
29933,1
23784,1
29439,1
29587,0
6098,0
19962,0
6252,0
19371,0
12357,0
30993,1
14613,1
33424,1
28526,1
3725,0
13371,1
19578,0
9186,0
32686,0
38021,0
24582,0
13330,0
19967,1
38517,0
6810,0
18195,1
19007,0
15864,1
12532,0
19822,0
919,0
34363,1
19579,1
16033,0
10622,0
34308,0
17419,0
33877,0
37514,0
21419,1
22133,1
14137,0
4855,1
33255,0
33163,1
24305,1
16486,1
25895,0
11854,0
36180,1
28516,0
19120,1
8200,0
5152,1
24834,0
30139,0
14163,1
1311,0
39140,1
21131,0
3584,0
32807,1
9163,1
27069,1
24137,1
16359,1
23688,0
16113,0
26763,1
11126,1
3489,0
4335,0
13822,0
8814,1
19749,0
15998,0
26449,1
4952,1
17797,1
13363,0
4241,1
34003,0
31786,1
2965,1
38985,0
20642,0
21227,1
31192,1
3539,1
28632,0
26863,1
21714,1
9056,0
39031,1
36559,1
32675,1
3806,1
35538,1
11904,0
35833,1
39854,1
27535,0
31874,1
34410,0
17972,0
8006,1
39675,1
23069,1
26320,1
25165,1
12374,0
7738,1
34102,1
38910,1
1305,0
3470,1
1347,1
36667,0
1981,0
31462,0
6936,1
7592,1
30236,1
6746,1
6899,0
30941,1
38215,0
32588,1
21436,0
9694,0
25732,1
27996,0
19224,1
2436,1
39334,1
9441,0
27390,0
17047,0
15199,1
31873,1
25492,0
3950,1
32753,1
36341,1
31714,1
9038,1
7033,0
32180,0
22074,0
19461,1
11778,1
2075,0
8725,0
12604,1
32239,1
12135,0
18970,1
27154,1
27530,0
18969,0
7827,0
18841,0
18219,0
18619,1
4463,1
3163,0
37966,0
15714,0
26692,1
36691,0
36199,0
10406,0
30358,0
4538,0
34166,0
5865,0
25483,1
14180,0
23006,0
538,1
10448,0
28881,0
2385,0
23242,0
25844,0
1991,0
3241,0
31094,0
1029,1
10986,0
19320,0
12792,0
15558,0
14655,1
27063,1
36171,0
31572,0
29634,1
20094,0
13674,0
13736,0
26378,0
29534,0
34241,0
17894,0
15140,0
7359,1
7448,0
16856,0
39112,1
239,0
9035,0
25238,0
26527,0
1918,0
30335,0
2074,0
20182,0
2799,0
12310,1
8241,0
31944,1
28957,0
16658,1
9527,1
2008,1
12114,1
31465,1
11489,1
38434,1
21338,1
34385,1
17607,1
27061,0
26404,1
12845,1
17865,1
2007,0
34908,1
4730,1
32248,1
5068,1
40265,0
39022,1
25867,1
34416,0
16764,0
2168,1
10339,0
5129,0
20737,0
3555,0
39973,0
3697,0
36784,1
13966,0
33695,0
18853,1
39502,0
10323,1
33897,1
4724,0
16649,1
6725,1
22292,1
24447,0
6603,0
5174,1
6215,0
11327,0
4913,0
1183,0
32541,1
313,1
12163,1
18476,1
33514,1
9403,0
35408,1
6666,0
22303,1
34575,1
28628,0
31797,0
21413,1
26248,0
2680,1
37141,1
31513,1
19602,0
16886,1
34318,1
2286,1
4915,0
40273,1
17446,0
6166,0
6923,1
13321,1
8932,0
4526,0
4246,1
7277,0
36699,0
27745,0
11607,1
12286,0
26011,1
30325,1
15541,0
14154,0
4844,1
18237,1
15673,0
17313,0
11770,0
2119,0
21977,1
11574,0
32129,0
32761,0
2617,1
10949,1
24148,0
37321,0
5532,1
120,0
10609,1
25206,0
30842,1
21948,1
373,1
11935,0
14634,1
9766,1
8552,1
3349,1
3250,1
32407,0
20533,0
27667,1
31443,0
19306,1
35708,1
28450,1
2733,1
6194,1
7605,1
29013,0
33138,1
21864,1
15711,0
38911,1
31734,0
2752,1
26310,1
8467,1
4605,1
14508,1
14944,1
36607,1
12435,1
30918,0
9682,1
25581,1
34878,0
39183,0
30576,0
7403,1
15894,1
10734,1
38534,1
4543,0
22878,0
3386,0
12147,0
37981,0
13916,1
2974,0
11797,0
10802,0
36944,0
18851,0
37935,1
31339,0
37799,0
11899,1
37081,0
29977,1
18956,0
8510,1
21124,1
32094,0
29791,0
30693,1
35543,0
29041,1
10904,0
14827,0
7154,0
11626,0
2344,1
39918,1
39120,0
26134,0
35786,1
23198,0
14183,1
5144,0
12518,1
34338,1
1513,0
1118,1
22638,1
30700,1
21289,0
22812,0
20302,0
36862,0
24898,1
6879,0
29159,0
5092,1
4751,0
266,1
8777,0
35148,1
31071,1
39758,0
361,1
7948,0
2633,0
18623,0
29833,0
460,0
37379,0
7302,1
24862,1
23695,0
37093,1
26511,1
7,0
11497,0
30437,0
25485,0
32107,0
21340,1
2346,0
23282,0
4208,1
2746,1
21171,0
36082,1
12898,1
39172,1
5346,0
4636,1
14595,0
18730,1
2165,1
20809,1
9619,0
9577,1
20188,1
33782,1
23556,1
13062,0
16908,1
15661,0
11339,0
25101,1
5157,1
18587,0
28945,0
7714,1
31512,1
17795,0
19621,1
25511,0
27629,0
793,0
19384,1
8500,0
18821,0
5570,0
33547,1
13101,0
27104,1
30145,1
11105,1
18575,0
22155,1
34132,1
27119,1
8028,0
22062,0
13196,0
20696,1
19411,0
28889,1
15075,1
31384,1
6779,1
6179,1
26699,0
16657,1
11477,0
40420,1
6367,1
36255,0
3954,0
5911,1
37328,1
8285,1
33198,1
39868,0
35141,0
37737,0
28556,1
18305,1
29529,0
34912,0
12821,0
20743,0
32075,1
32302,0
1905,0
36659,0
4571,1
22503,0
37794,0
24075,0
18059,1
4641,0
32790,0
13048,0
22997,0
38819,1
26594,1
36232,0
39068,0
32024,1
5216,0
15825,0
25435,0
14386,1
34491,1
31970,1
29085,1
6535,0
25113,1
38789,1
22582,0
17631,0
10628,0
6921,1
8274,1
29572,0
26392,1
31272,0
12309,0
37243,1
23191,1
23601,0
11912,1
31499,0
26067,0
35261,1
5508,1
28431,1
31206,1
25214,1
7893,1
15869,0
30187,1
92,1
26903,1
10465,1
3915,1
9150,1
8161,0
3850,1
22176,0
7091,0
31534,1
20029,1
10881,1
27215,1
20253,0
26273,0
28389,1
19620,1
17965,0
775,1
21763,0
30718,0
36512,1
22772,1
9928,1
31857,1
17990,1
39356,0
11449,0
33844,1
37289,1
16124,0
15214,0
16701,1
14575,1
23037,0
25839,1
18314,0
21478,0
8170,0
5735,0
89,0
19289,0
34106,0
3035,1
11905,0
28057,1
27995,1
26871,0
24269,1
4468,0
29018,0
19566,0
5653,1
7998,0
21077,0
34935,0
7643,1
32192,0
10050,1
53,1
3160,1
16703,0
31405,0
5484,0
5910,0
17476,1
15547,1
2004,1
963,0
5685,0
11500,0
12013,0
24422,1
32803,1
40041,0
26605,1
20347,1
24630,1
19857,1
35776,1
14091,0
14840,0
13734,1
310,1
11056,0
4589,0
27795,1
39613,0
13625,0
37181,0
1247,1
4283,0
11335,1
10873,0
26216,0
37666,1
25454,0
15949,1
2731,1
31748,1
35513,0
2725,0
23399,0
10279,0
38410,1
26977,0
3085,0
32227,1
12451,0
28075,1
9419,0
17780,0
8406,1
1968,0
32867,1
13356,0
4573,0
12972,1
31548,1
37145,1
15617,0
36319,1
17041,1
28660,0
26159,1
2969,1
3038,0
35417,1
17289,1
13315,0
10500,1
25981,1
3623,0
9240,0
6316,0
4592,1
26684,1
20201,0
12536,1
39359,1
30294,0
6016,1
3781,1
32685,1
15606,1
12223,1
31659,0
32175,0
34099,1
25332,1
6199,0
29596,0
16694,0
26227,0
9595,0
34048,1
35607,1
4140,0
37264,0
21420,0
35049,1
13373,1
28773,0
19979,0
21728,0
28286,0
27021,1
32493,0
187,0
29392,0
29618,0
756,0
23641,0
32663,1
26560,0
4638,1
32843,0
20997,0
26944,0
32719,0
20203,1
28458,0
8202,1
14576,1
12144,1
35159,0
1712,1
25140,0
2440,1
32827,0
20496,1
24802,1
24397,0
25013,0
31189,0
21012,1
30648,1
29248,1
21989,1
2434,0
20023,0
18435,0
33205,1
33145,1
27229,1
20380,1
37808,0
21546,1
2236,0
18875,0
13070,0
18736,1
17639,0
25799,0
2547,1
26037,0
1721,0
40131,0
19031,1
20041,0
90,1
28010,0
37925,0
35556,1
27636,1
2510,1
30399,0
36790,0
33317,0
25024,0
742,0
27917,0
11715,1
31795,0
16264,0
38192,0
30192,1
11107,0
8101,0
21785,1
30578,0
13995,1
334,0
8612,0
29699,0
35870,0
7787,0
6164,0
19677,1
40452,0
14222,0
29199,1
21121,1
25670,1
21743,0
17052,1
7794,0
25375,1
8976,1
16085,0
24651,0
4970,1
33221,0
38598,0
25077,1
130,1
15443,0
11321,0
31596,1
24316,0
13602,1
16823,0
38144,0
39207,1
26428,1
38713,0
24761,0
23917,1
30238,1
2834,0
30037,0
33032,0
27276,1
10632,1
29946,1
30371,1
28629,1
12154,1
5561,1
10351,0
15706,1
30636,0
27133,1
30681,1
14044,0
2931,1
31919,1
194,1
34209,0
12311,0
9571,1
12994,0
9254,0
35311,1
29724,0
38101,0
4020,0
18080,0
17515,1
464,0
9606,1
34007,0
17962,0
32204,0
16942,0
22053,0
31140,1
24344,1
4181,0
22943,1
30903,0
10840,0
39130,0
37180,0
6137,0
38869,1
12488,1
18903,1
24681,0
17495,1
4877,0
16742,0
7937,1
32185,0
14233,1
20266,0
32051,1
16590,0
36353,1
23910,0
15992,1
6593,1
30194,0
5859,0
14938,1
12214,0
22904,0
29099,1
29698,1
11873,0
27046,0
27779,1
35707,0
17317,0
5513,1
20153,0
18578,1
17018,1
866,0
28726,0
24929,0
27711,0
36964,1
23297,0
30166,1
35039,1
29211,0
10137,1
23654,1
31254,1
36033,1
26815,0
664,0
484,0
5076,0
33810,1
13094,1
8969,1
19077,1
1738,1
39321,1
37642,1
5467,0
35255,0
2958,0
6700,0
24592,1
1122,0
33223,1
34938,1
7100,0
7652,0
3013,0
3653,0
25811,1
30743,0
20139,0
33891,0
26887,1
39583,0
30030,1
6943,0
37332,0
14194,0
12966,0
7840,1
11798,0
17980,1
28968,1
36582,0
28530,1
14311,1
29244,1
10320,1
31255,1
10477,1
28675,0
29913,0
34713,0
26786,1
34463,1
18223,0
9548,1
32308,0
30110,0
21229,1
5357,1
14631,0
21283,1
19573,0
5331,1
30296,1
1166,0
16095,1
29741,1
28292,0
15220,0
10062,1
40402,0
8692,0
6187,0
20646,0
15526,0
21486,1
1366,0
37476,1
30107,1
980,0
6760,1
8442,0
19348,0
9929,1
33249,0
13466,1
12138,1
38866,1
13484,0
3058,0
14442,1
31644,0
2735,1
11020,1
26263,0
24871,0
25588,1
24794,0
18097,0
38482,0
30406,0
5160,1
29802,1
25063,1
14845,0
9301,1
22847,0
33102,1
25583,1
14198,0
13168,1
12421,1
37461,1
5348,0
22097,1
33070,0
8416,0
790,1
31118,1
12740,1
36832,1
26963,1
39541,0
17210,0
20757,1
23757,0
23458,0
3069,0
13352,1
3282,1
35174,1
24899,1
20186,1
1884,1
34123,1
23003,0
16899,0
33027,0
30596,1
23268,1
40104,0
28092,1
26648,0
24733,1
31068,0
19326,1
5582,0
26968,1
17649,1
8141,0
38142,1
5980,0
35611,0
38847,1
5838,1
5485,1
6897,0
18340,1
12613,1
3662,1
20084,1
31535,1
13250,0
34740,0
31567,0
4107,0
18326,1
29678,1
2876,0
20931,1
33835,0
14543,0
35019,1
12896,0
6826,1
28305,0
22194,0
26395,0
12307,1
7881,1
35863,1
4457,1
36036,1
13743,0
34951,1
24275,1
7954,1
18457,0
28918,0
8618,1
12527,0
27978,0
28577,1
7752,1
5986,0
39385,0
27993,0
5729,0
14505,0
36840,1
1698,0
22451,0
30196,0
821,0
40213,1
36113,0
38461,0
38063,1
40310,0
17703,1
88,0
10853,1
9536,0
23090,1
12793,0
12361,1
21369,0
10423,0
18860,0
25633,1
28518,0
21112,0
30534,1
5929,1
13641,0
34424,0
31519,1
38475,0
23618,1
25126,0
20164,0
36278,0
17281,1
10397,1
33526,1
19244,1
19432,0
37645,1
8033,0
4653,1
17120,1
31993,0
85,1
7539,1
13118,0
28111,1
15724,0
36235,1
38610,0
16248,1
33991,0
3091,0
30711,0
16507,1
3941,0
23872,0
579,1
4214,1
28244,1
20207,0
10552,1
33693,1
11815,0
38538,1
26842,1
13883,0
10512,0
39817,1
20840,1
15725,1
27055,0
1931,1
12983,1
33746,0
12471,0
20574,1
28717,1
24044,1
35571,1
31456,0
11734,0
38760,1
28548,0
1229,1
23315,0
15400,1
19260,1
27648,0
36595,0
21944,1
26826,1
34368,1
10669,1
23140,0
37005,1
10755,0
26688,1
38918,1
31761,0
28636,1
27226,1
4669,1
321,1
26032,0
17799,0
23919,1
29624,1
27026,0
13214,1
9841,1
32392,0
26136,1
8610,1
35272,1
2140,1
16981,0
7027,1
32122,1
7223,0
35971,0
34061,1
18849,0
12480,0
1530,0
10308,0
2929,0
15849,1
26533,1
39327,0
6754,1
30292,1
34673,0
7305,0
12092,1
13651,1
9165,0
13993,0
5358,1
12617,0
25597,0
21080,1
30246,1
10198,0
29117,0
25554,1
38305,0
5994,0
10741,1
39856,1
33889,1
21214,0
14417,0
28951,0
29701,0
4108,0
12950,0
21006,1
16836,0
4061,0
36510,1
298,1
387,0
39829,0
2097,1
8929,0
38344,0
34115,1
5627,0
21860,0
6281,1
17887,1
22527,0
7317,0
21063,0
2498,1
28191,0
35024,0
1338,0
24302,0
29184,1
9036,1
38752,0
32442,1
35237,0
13610,0
10544,0
14764,1
33429,1
34882,1
39088,0
36155,0
10936,0
14459,0
36967,1
32155,0
28833,0
22248,0
3126,0
11658,0
8957,0
30046,0
20342,1
32446,0
17212,0
30298,0
27428,0
29630,1
380,0
7713,0
24987,0
29846,0
37587,1
6095,0
21547,0
14832,1
40408,1
12995,0
12509,1
35106,0
23808,1
27717,1
32410,0
39438,0
3289,1
17135,1
40101,1
17770,1
21773,1
39956,1
3316,1
15621,1
31773,0
39277,0
12234,0
5739,0
30637,0
40003,0
10835,0
36959,1
36443,0
38335,1
23523,1
8355,1
11788,1
4705,0
6343,0
26516,0
9836,1
12547,1
19685,0
18652,1
20562,0
14989,0
2210,1
33685,0
7792,1
33405,0
23568,1
20335,1
26749,1
39054,0
14125,0
26488,1
16201,0
38156,0
3661,1
11153,1
30369,0
36956,1
3998,0
6219,0
37454,0
36871,1
37021,0
5814,1
11239,0
32965,0
36979,0
31006,1
25707,1
27459,1
14310,1
39942,0
2697,0
36848,1
36744,1
40368,1
6384,0
5641,0
17089,0
16377,1
32187,0
7020,1
24144,1
12628,0
28616,1
459,0
24445,0
28744,0
3082,1
22792,1
29860,1
2153,0
11042,0
6797,1
22224,1
3508,1
39075,1
18930,0
5327,0
9426,1
11187,1
21993,0
3353,1
38004,1
7492,0
24501,0
1149,0
18378,0
10676,1
20418,1
1385,0
5963,0
37484,0
24606,0
21900,1
23550,1
37250,1
19437,0
30582,0
14121,1
39415,0
14462,0
16529,1
9559,0
5070,1
37193,1
8324,0
8224,0
38619,0
12348,1
9401,1
30892,0
6777,1
22715,1
7651,0
26264,1
37729,1
3511,0
5489,1
21713,0
22561,0
28395,1
3119,1
34052,0
10874,1
19026,0
19676,1
8237,0
1143,0
2320,0
38659,0
17024,1
3122,1
24425,1
30802,0
6425,0
33892,0
6576,0
27358,1
4306,0
31697,0
32851,1
11511,0
24037,0
913,1
38931,0
895,1
25771,1
673,0
1830,1
19386,0
7241,1
38245,1
37682,1
6594,0
38891,0
21628,1
12865,1
16153,0
10214,1
17547,0
13130,0
436,1
23612,1
11947,0
36789,1
3921,1
11594,0
14053,0
1274,1
39901,0
23096,0
22215,0
16470,1
13259,0
28735,1
12148,0
13902,0
27099,0
32235,1
31743,1
9565,1
4825,1
36117,0
25810,0
4972,1
23278,1
28062,1
29927,1
37970,0
21521,1
11015,0
18304,1
15252,1
21771,1
39759,0
26574,1
29537,1
14445,1
11478,1
15188,1
9997,1
31597,0
19949,1
22141,0
39644,0
30656,1
39153,1
38257,1
40009,1
4272,0
37066,1
26518,1
8970,1
26913,1
13504,1
22397,1
29625,1
12607,1
35767,0
3611,1
7174,0
5330,1
31776,0
22667,0
462,0
31686,1
31500,0
30901,1
8246,1
35781,1
5427,0
40450,0
30108,1
2318,1
353,0
4984,0
37232,0
27173,0
38878,1
35412,0
996,0
35065,0
26075,0
10175,1
11562,1
4502,0
14283,1
27001,0
31685,1
34494,1
2012,1
3362,1
17823,0
34692,1
23607,1
34342,0
12296,1
38451,0
12407,0
23135,1
5763,0
33275,1
16118,0
38742,1
10393,1
1281,0
1163,1
40406,1
5633,1
20970,1
19670,0
6788,0
11243,0
2954,0
27650,1
25529,0
3701,1
6,1
3272,1
31009,0
36588,1
18846,0
27142,1
22982,0
37113,1
22522,1
6636,1
11281,0
15878,1
4745,1
32876,1
37136,0
25579,1
12730,0
33420,1
1103,0
8555,1
28300,0
783,0
25461,1
20497,0
17747,1
27256,0
23780,0
9170,1
6649,1
5086,1
2932,0
7620,1
20305,1
26098,0
37079,0
24694,1
14773,1
15289,1
1255,0
36536,1
34940,0
27694,0
2280,1
5777,0
12257,1
33094,1
36605,1
24355,1
34957,1
30309,0
21819,1
27071,1
27839,1
8318,1
20992,0
32186,0
25111,1
17239,0
25231,0
8760,1
17895,1
10289,1
28568,0
36670,0
844,0
40322,1
23518,0
16286,0
31295,1
21570,0
18536,0
20870,0
40340,1
30299,0
35282,0
7519,0
8622,0
1330,1
40087,1
31357,1
27970,0
7545,0
36309,1
34763,0
31876,1
35360,0
18236,0
19144,1
25782,0
31291,0
13857,1
26450,1
19736,0
34185,1
13810,0
33379,0
13400,1
5575,1
12629,0
12515,0
29428,1
14763,1
39365,1
31489,1
18751,1
23072,1
27767,0
2923,0
13451,1
12283,1
20382,1
40186,0
31066,1
1660,1
8119,1
35568,1
23125,0
2758,1
14168,1
36251,1
15670,1
24231,0
15895,0
5684,1
31681,1
4945,0
4266,0
19460,1
30211,0
15394,0
31770,1
12231,1
6127,1
7864,0
3687,0
18644,0
12736,1
7123,0
11242,1
32594,1
8385,0
26439,0
9661,0
30946,1
3047,1
12009,0
16785,0
30513,1
12116,0
6392,0
19771,0
38795,1
19666,1
30043,1
16140,0
24727,1
19827,0
11677,1
39667,1
29853,0
32444,1
17539,0
10708,0
11710,0
25666,0
26647,0
127,1
36266,0
18622,0
36737,0
1572,1
6657,1
21407,0
36934,0
35288,1
34822,1
26182,0
27753,0
23865,1
32379,0
31592,1
21525,1
2678,1
4977,1
38579,0
27847,1
29431,1
4565,0
38773,0
25754,0
29027,0
37867,1
38521,0
29660,0
15298,0
3456,1
712,0
34835,0
32979,1
39662,0
29050,0
31386,1
24291,0
30606,0
32525,1
12659,1
21914,0
15019,0
9845,0
34733,1
25050,0
15335,1
13114,1
1221,0
30241,0
5038,1
37967,0
6679,1
24889,1
37373,1
35695,0
36600,0
32549,0
4911,1
27486,1
19885,0
9750,1
11921,1
30287,1
32547,0
28394,1
21016,0
24859,1
14747,0
12893,0
39526,1
20391,0
12858,1
9672,0
18045,0
38715,0
36657,0
16794,0
25267,0
10700,0
20355,0
26590,0
16666,1
22654,1
18049,1
4461,0
39892,1
24668,0
24716,1
11484,0
32660,1
3382,1
27135,1
39963,1
31003,0
28122,0
4222,1
32601,1
644,0
32760,1
1201,1
38799,1
38276,0
22732,0
37523,0
10575,1
8404,0
15482,0
28459,0
32757,1
20979,1
2406,1
23055,1
23774,0
28255,0
19872,1
11224,0
8898,0
5436,0
25804,1
5031,1
16157,0
22584,0
8038,0
7346,1
408,0
37667,1
7955,1
36994,1
14913,1
34804,1
11903,0
11570,0
20451,1
14806,1
25575,1
30614,0
14353,1
19917,1
9298,0
13124,1
37520,0
24615,1
3655,0
26676,1
38724,0
4869,0
25602,0
17414,0
2691,0
17583,1
8340,1
7922,1
24039,1
9289,0
17559,1
31243,0
32140,0
17377,0
34077,0
23690,1
34247,1
9889,1
33904,0
18686,0
13517,1
32142,1
31620,0
10127,0
10791,1
9164,0
27273,0
29839,0
34859,0
20377,0
22283,0
11625,1
35901,1
10520,0
26886,1
12854,0
22059,1
30307,0
11627,0
32197,0
20948,0
33452,1
16471,0
21929,1
17410,1
6263,1
27431,1
172,0
25290,1
32628,0
24453,0
6268,0
7875,1
38290,0
30543,1
25922,0
36907,1
20453,0
28100,0
13204,1
3448,1
28780,0
4625,0
28839,0
14160,0
31111,1
13000,1
10284,0
23973,1
28855,0
39085,0
6857,0
18167,1
21391,1
10990,1
29842,0
16550,0
9397,0
27476,0
6456,0
1851,1
24131,1
38196,0
32134,0
29281,1
3997,0
3397,0
6410,0
29138,0
33589,1
989,1
3694,1
18247,1
2393,1
18353,0
24674,0
34202,0
11682,0
23920,0
30008,0
28811,0
20986,0
21335,0
894,1
23677,0
2903,1
8310,1
36722,0
1087,0
1370,1
33169,1
18043,0
16596,1
35364,0
8045,0
1215,1
15559,0
346,0
14757,1
9396,1
27805,1
23444,1
14886,0
25747,1
34415,1
23166,1
1231,0
22759,1
4937,1
30083,0
22129,0
21561,0
5810,1
32283,0
15953,0
12024,0
38737,1
29029,0
21585,1
32842,1
17267,1
14128,0
39624,1
12179,0
3808,0
37495,1
36177,1
20524,1
30745,1
11024,0
36466,0
32794,1
2278,1
15488,1
22637,0
4106,0
27821,1
30275,1
36184,0
14803,1
26677,1
18488,0
1060,1
5124,0
24786,1
6607,1
133,1
37229,0
22083,1
19354,0
18342,1
24420,0
27645,0
15134,1
18873,0
12337,1
21579,1
8466,0
12240,0
8737,1
4120,1
39025,1
22256,0
11072,1
19760,1
16379,1
18983,0
29527,0
26583,0
38320,0
5252,1
10221,0
35850,0
16048,0
27878,1
28160,0
18127,0
27954,1
39107,1
5282,0
33194,1
1676,0
16125,0
40255,0
5689,0
32119,1
16207,0
35005,1
37010,1
4064,0
26695,1
35308,1
28259,0
37048,0
2626,0
3910,1
9550,0
24910,1
27603,1
5345,0
34300,0
20582,1
30368,0
23875,0
26541,1
39967,0
6395,1
19664,1
28296,1
12408,1
35679,1
40253,0
29177,0
9525,0
9072,0
7900,0
7341,1
21808,1
29035,0
12795,0
25955,0
34826,1
8211,1
2492,0
17060,1
35864,0
35628,0
9049,1
39744,0
2414,0
22489,1
10226,0
14463,0
9535,1
35455,1
5275,1
17203,0
7144,0
38673,1
23789,1
37747,0
16274,1
22111,0
12833,0
32620,1
38656,1
13192,1
17961,1
37917,1
15348,1
9064,1
8023,0
8686,1
19140,1
2540,0
39247,0
33044,0
26827,1
38286,1
12519,1
10111,1
27255,0
10030,1
11096,0
26752,0
10427,0
1568,1
15520,1
13396,1
32425,0
33164,0
21434,0
26266,0
22887,0
24407,0
10115,0
39805,0
27347,0
33886,1
18760,1
22033,0
28214,0
11404,0
34480,1
22589,0
11430,1
1672,1
27339,0
2546,1
25569,1
6956,0
9149,0
17646,0
30208,0
29561,1
7825,0
36269,1
26338,0
16492,1
39566,1
34256,1
38686,1
3588,0
9976,0
1937,1
549,1
1974,1
29135,1
23661,1
28947,1
13823,0
11011,0
5915,0
21339,0
12327,1
25629,0
4645,0
25887,1
15027,1
39237,0
18893,1
34066,0
20826,0
30557,0
23652,0
33280,0
5652,0
17605,0
10240,0
14018,1
20957,0
2942,0
24653,1
345,1
32844,1
14075,1
31185,1
35368,0
19534,1
19055,1
39527,1
23087,1
27933,1
35966,1
34461,0
30342,1
35570,1
21687,1
4665,0
2195,1
8290,1
3746,0
38309,0
12843,0
7688,0
8582,0
31990,1
31901,1
14976,1
33970,1
38774,0
37534,0
24875,0
2501,0
6291,0
37159,1
18352,1
23117,0
22513,0
29167,1
7785,0
31410,1
34808,1
3486,0
39078,1
7249,1
25978,0
15433,1
5460,1
21349,0
4680,1
36243,1
38946,1
10657,0
9330,0
14149,1
13310,0
15821,0
38143,0
38408,1
15000,1
4330,1
10490,1
35605,1
19079,0
26088,1
32599,1
37768,1
24873,1
23592,1
12230,0
388,0
24520,1
14564,1
32641,0
24136,0
4450,0
137,1
32295,0
21720,1
8018,0
27553,0
35254,0
4143,1
15601,0
33910,1
34296,0
7293,1
22808,0
8987,1
37203,0
17362,1
27786,0
36394,0
32962,1
1277,1
30764,1
27349,1
35883,1
15709,1
819,0
46,0
30755,1
34885,1
8867,1
30742,0
22565,1
25096,0
18933,0
32126,1
22885,0
15336,1
5393,0
24655,0
37767,0
1065,0
2664,1
40061,0
25137,0
20745,1
1610,1
222,1
15280,0
14115,1
17831,0
29121,0
13705,1
4989,1
13039,1
397,1
34269,0
2129,0
26528,0
15107,1
34645,0
6567,1
39844,0
6484,0
11270,0
3504,0
21315,1
23449,1
4936,0
2639,0
39129,0
20740,1
37252,1
38922,1
12790,0
15459,1
10261,0
11472,1
35748,1
13474,0
27907,0
8282,0
17005,0
4004,0
10849,1
36678,1
39118,0
21044,1
14653,1
6522,1
13078,1
37795,0
38280,1
18529,1
28880,1
29146,0
23773,1
27024,1
4812,0
35466,0
33053,0
16655,1
3394,0
16993,0
6974,1
22780,0
31525,0
28279,1
38039,0
21403,1
11919,1
30235,0
22674,0
17192,0
23493,1
11742,1
23976,0
7247,1
4505,0
21850,0
12341,0
35151,1
26953,0
37524,1
23461,1
31614,0
6770,1
12418,1
9584,1
38553,0
10508,1
32670,0
7186,0
7599,0
36545,0
40201,1
24103,0
7698,1
10527,1
2975,1
4467,1
23285,1
10890,0
28650,0
36245,0
15666,1
16917,0
383,1
4085,0
39458,1
13962,1
6562,0
31029,1
38711,0
267,0
20915,0
37324,0
1152,0
35627,1
1192,1
35629,0
32731,0
40232,0
28316,1
13298,1
36532,1
35713,0
10732,1
33881,0
11839,1
3379,0
30103,0
31090,0
32406,0
26219,0
16003,1
35926,1
37612,1
35454,0
32365,1
22548,1
29726,1
30635,1
37036,0
32237,1
16170,0
35477,1
12172,1
37336,0
6232,0
30516,0
22518,1
25423,0
272,1
813,0
28651,0
20712,0
6195,1
7628,0
4084,1
16357,0
27824,1
22206,0
21025,0
10959,1
34943,1
37710,1
23336,0
21011,0
9059,1
11756,1
30920,0
19482,0
3341,0
30649,1
34685,1
5550,0
35033,1
21643,0
32619,1
11872,0
14734,1
20804,0
34654,0
30940,0
11865,0
31991,0
20072,0
34608,1
26295,0
13732,1
18294,0
13019,0
27023,0
24371,1
23743,1
1686,1
30772,0
20613,0
22110,0
9220,0
23541,0
25615,0
33425,0
15002,1
10542,0
39000,0
22148,0
29106,1
12033,0
13593,1
34813,0
4728,1
1006,1
16284,0
13832,1
29633,0
4534,0
31580,0
38370,1
8440,0
25893,0
19038,1
19893,1
18286,0
19756,0
8113,0
39091,1
34914,0
9702,1
15951,1
35770,0
34502,0
12093,0
5464,0
13681,0
32163,0
19204,0
29434,1
34563,1
25405,0
15119,0
3777,1
8809,1
36270,1
33587,1
32233,0
17967,0
38495,1
37706,0
15170,1
13702,0
19638,0
18110,0
6965,0
32281,1
14514,1
20845,0
38902,1
35444,0
38317,0
38235,0
26283,1
37301,0
9499,0
3357,0
32646,1
35557,0
10921,1
38076,0
31241,1
18553,0
630,0
26064,0
15004,1
38402,0
16467,1
16583,1
12141,0
9382,1
24443,1
40416,1
3964,1
2855,0
6626,0
28728,1
21707,1
37006,1
12871,1
25366,0
25011,1
21129,0
16675,1
1527,1
